{
  "id": "2387ded8-d36b-48cf-bdfa-28b4a6a97451",
  "revision": 0,
  "last_node_id": 88,
  "last_link_id": 128,
  "nodes": [
    {
      "id": 1,
      "type": "LdmPipelineLoader",
      "pos": [
        430,
        10
      ],
      "size": [
        315,
        122
      ],
      "flags": {},
      "order": 0,
      "mode": 0,
      "inputs": [],
      "outputs": [
        {
          "label": "PIPELINE",
          "name": "PIPELINE",
          "type": "PIPELINE",
          "slot_index": 0,
          "links": [
            1,
            2
          ]
        },
        {
          "label": "AUTOENCODER",
          "name": "AUTOENCODER",
          "type": "AUTOENCODER",
          "links": null
        },
        {
          "label": "SCHEDULER",
          "name": "SCHEDULER",
          "type": "SCHEDULER",
          "links": null
        }
      ],
      "properties": {
        "Node name for S&R": "LdmPipelineLoader"
      },
      "widgets_values": [
        "MR 3DQ _SDXL V0.2.safetensors",
        "MVAdapterI2MVSDXLPipeline"
      ]
    },
    {
      "id": 2,
      "type": "DiffusersSchedulerLoader",
      "pos": [
        430,
        200
      ],
      "size": [
        327.5999755859375,
        130
      ],
      "flags": {},
      "order": 16,
      "mode": 0,
      "inputs": [
        {
          "label": "pipeline",
          "name": "pipeline",
          "type": "PIPELINE",
          "link": 1
        }
      ],
      "outputs": [
        {
          "label": "SCHEDULER",
          "name": "SCHEDULER",
          "type": "SCHEDULER",
          "slot_index": 0,
          "links": [
            3
          ]
        }
      ],
      "properties": {
        "Node name for S&R": "DiffusersSchedulerLoader"
      },
      "widgets_values": [
        "DDPM",
        true,
        "interpolated",
        8
      ]
    },
    {
      "id": 40,
      "type": "KSamplerSelect",
      "pos": [
        -940,
        -230
      ],
      "size": [
        315,
        58
      ],
      "flags": {},
      "order": 1,
      "mode": 0,
      "inputs": [],
      "outputs": [
        {
          "label": "采样器",
          "name": "SAMPLER",
          "type": "SAMPLER",
          "links": [
            56
          ]
        }
      ],
      "properties": {
        "Node name for S&R": "KSamplerSelect"
      },
      "widgets_values": [
        "euler"
      ]
    },
    {
      "id": 47,
      "type": "BasicGuider",
      "pos": [
        -930,
        -340
      ],
      "size": [
        241.79998779296875,
        46
      ],
      "flags": {},
      "order": 28,
      "mode": 0,
      "inputs": [
        {
          "label": "模型",
          "name": "model",
          "type": "MODEL",
          "link": 63
        },
        {
          "label": "条件",
          "name": "conditioning",
          "type": "CONDITIONING",
          "link": 64
        }
      ],
      "outputs": [
        {
          "label": "引导",
          "name": "GUIDER",
          "type": "GUIDER",
          "links": [
            55
          ]
        }
      ],
      "properties": {
        "Node name for S&R": "BasicGuider"
      },
      "widgets_values": []
    },
    {
      "id": 48,
      "type": "EmptySD3LatentImage",
      "pos": [
        -1390,
        -240
      ],
      "size": [
        315,
        106
      ],
      "flags": {},
      "order": 19,
      "mode": 0,
      "inputs": [
        {
          "label": "宽度",
          "name": "width",
          "type": "INT",
          "widget": {
            "name": "width"
          },
          "link": 65
        },
        {
          "label": "高度",
          "name": "height",
          "type": "INT",
          "widget": {
            "name": "height"
          },
          "link": 66
        }
      ],
      "outputs": [
        {
          "label": "Latent",
          "name": "LATENT",
          "type": "LATENT",
          "slot_index": 0,
          "links": [
            58
          ]
        }
      ],
      "properties": {
        "Node name for S&R": "EmptySD3LatentImage"
      },
      "widgets_values": [
        1024,
        1024,
        1
      ]
    },
    {
      "id": 51,
      "type": "PrimitiveNode",
      "pos": [
        -1700,
        -70
      ],
      "size": [
        210,
        82
      ],
      "flags": {},
      "order": 2,
      "mode": 0,
      "inputs": [],
      "outputs": [
        {
          "label": "INT",
          "name": "INT",
          "type": "INT",
          "widget": {
            "name": "height"
          },
          "links": [
            66,
            68
          ]
        }
      ],
      "properties": {
        "Run widget replace on values": false
      },
      "widgets_values": [
        1024,
        "fixed"
      ]
    },
    {
      "id": 49,
      "type": "ModelSamplingFlux",
      "pos": [
        -1390,
        -80
      ],
      "size": [
        315,
        130
      ],
      "flags": {},
      "order": 20,
      "mode": 0,
      "inputs": [
        {
          "label": "模型",
          "name": "model",
          "type": "MODEL",
          "link": 69
        },
        {
          "label": "宽度",
          "name": "width",
          "type": "INT",
          "widget": {
            "name": "width"
          },
          "link": 67
        },
        {
          "label": "高度",
          "name": "height",
          "type": "INT",
          "widget": {
            "name": "height"
          },
          "link": 68
        }
      ],
      "outputs": [
        {
          "label": "模型",
          "name": "MODEL",
          "type": "MODEL",
          "slot_index": 0,
          "links": [
            61,
            63
          ]
        }
      ],
      "properties": {
        "Node name for S&R": "ModelSamplingFlux"
      },
      "widgets_values": [
        1.15,
        0.5,
        1024,
        1024
      ]
    },
    {
      "id": 18,
      "type": "LayerMask: BiRefNetUltraV2",
      "pos": [
        420,
        -330
      ],
      "size": [
        315,
        246
      ],
      "flags": {},
      "order": 25,
      "mode": 0,
      "inputs": [
        {
          "label": "图像",
          "name": "image",
          "type": "IMAGE",
          "link": 127
        },
        {
          "label": "BiRefNet模型",
          "name": "birefnet_model",
          "type": "BIREFNET_MODEL",
          "link": 14
        }
      ],
      "outputs": [
        {
          "label": "图像",
          "name": "image",
          "type": "IMAGE",
          "slot_index": 0,
          "links": []
        },
        {
          "label": "遮罩",
          "name": "mask",
          "type": "MASK",
          "slot_index": 1,
          "links": [
            42
          ]
        }
      ],
      "properties": {
        "Node name for S&R": "LayerMask: BiRefNetUltraV2"
      },
      "widgets_values": [
        "VITMatte",
        4,
        2,
        0.01,
        0.99,
        false,
        "cuda",
        2
      ],
      "color": "rgba(27, 80, 119, 0.7)"
    },
    {
      "id": 19,
      "type": "PreviewImage",
      "pos": [
        1310,
        -460
      ],
      "size": [
        380,
        380
      ],
      "flags": {},
      "order": 29,
      "mode": 0,
      "inputs": [
        {
          "label": "图像",
          "name": "images",
          "type": "IMAGE",
          "link": 44
        }
      ],
      "outputs": [],
      "properties": {
        "Node name for S&R": "PreviewImage"
      },
      "widgets_values": []
    },
    {
      "id": 4,
      "type": "DiffusersModelMakeup",
      "pos": [
        850,
        130
      ],
      "size": [
        315,
        218
      ],
      "flags": {},
      "order": 22,
      "mode": 0,
      "inputs": [
        {
          "label": "pipeline",
          "name": "pipeline",
          "type": "PIPELINE",
          "link": 2
        },
        {
          "label": "scheduler",
          "name": "scheduler",
          "type": "SCHEDULER",
          "link": 3
        },
        {
          "label": "autoencoder",
          "name": "autoencoder",
          "type": "AUTOENCODER",
          "link": 4
        }
      ],
      "outputs": [
        {
          "label": "PIPELINE",
          "name": "PIPELINE",
          "type": "PIPELINE",
          "slot_index": 0,
          "links": [
            5
          ]
        }
      ],
      "properties": {
        "Node name for S&R": "DiffusersModelMakeup"
      },
      "widgets_values": [
        true,
        "huanngzh/mv-adapter",
        "mvadapter_i2mv_sdxl.safetensors",
        6,
        true,
        false
      ]
    },
    {
      "id": 45,
      "type": "BasicScheduler",
      "pos": [
        -940,
        -100
      ],
      "size": [
        315,
        106
      ],
      "flags": {},
      "order": 24,
      "mode": 0,
      "inputs": [
        {
          "label": "模型",
          "name": "model",
          "type": "MODEL",
          "link": 61
        }
      ],
      "outputs": [
        {
          "label": "Sigmas",
          "name": "SIGMAS",
          "type": "SIGMAS",
          "links": [
            57
          ]
        }
      ],
      "properties": {
        "Node name for S&R": "BasicScheduler"
      },
      "widgets_values": [
        "beta",
        30,
        1
      ]
    },
    {
      "id": 57,
      "type": "ControlNetLoader",
      "pos": [
        -2140,
        300
      ],
      "size": [
        315,
        58
      ],
      "flags": {},
      "order": 3,
      "mode": 0,
      "inputs": [],
      "outputs": [
        {
          "label": "ControlNet",
          "name": "CONTROL_NET",
          "type": "CONTROL_NET",
          "slot_index": 0,
          "links": [
            74
          ]
        }
      ],
      "properties": {
        "Node name for S&R": "ControlNetLoader"
      },
      "widgets_values": [
        "Flux\\raulc0399flux_dev_openpose_controlnet.safetensors"
      ]
    },
    {
      "id": 59,
      "type": "CLIPTextEncode",
      "pos": [
        -1770,
        -270
      ],
      "size": [
        422.84503173828125,
        164.31304931640625
      ],
      "flags": {
        "collapsed": true
      },
      "order": 18,
      "mode": 0,
      "inputs": [
        {
          "label": "CLIP",
          "name": "clip",
          "type": "CLIP",
          "link": 76
        }
      ],
      "outputs": [
        {
          "label": "条件",
          "name": "CONDITIONING",
          "type": "CONDITIONING",
          "slot_index": 0,
          "links": [
            77
          ]
        }
      ],
      "properties": {
        "Node name for S&R": "CLIPTextEncode"
      },
      "widgets_values": [
        "",
        [
          false,
          true
        ]
      ]
    },
    {
      "id": 46,
      "type": "FluxGuidance",
      "pos": [
        -1260,
        -480
      ],
      "size": [
        211.60000610351562,
        58
      ],
      "flags": {},
      "order": 26,
      "mode": 0,
      "inputs": [
        {
          "label": "条件",
          "name": "conditioning",
          "type": "CONDITIONING",
          "link": 78
        }
      ],
      "outputs": [
        {
          "label": "条件",
          "name": "CONDITIONING",
          "type": "CONDITIONING",
          "slot_index": 0,
          "links": [
            64
          ]
        }
      ],
      "properties": {
        "Node name for S&R": "FluxGuidance"
      },
      "widgets_values": [
        3.5
      ]
    },
    {
      "id": 60,
      "type": "LoadImage",
      "pos": [
        -2140,
        400
      ],
      "size": [
        315,
        314
      ],
      "flags": {},
      "order": 4,
      "mode": 0,
      "inputs": [],
      "outputs": [
        {
          "label": "图像",
          "name": "IMAGE",
          "type": "IMAGE",
          "links": [
            79
          ]
        },
        {
          "label": "遮罩",
          "name": "MASK",
          "type": "MASK",
          "links": null
        }
      ],
      "properties": {
        "Node name for S&R": "LoadImage"
      },
      "widgets_values": [
        "MICKMUMPITZ_POSE_SHEET.png",
        "image"
      ]
    },
    {
      "id": 58,
      "type": "ControlNetApplyAdvanced",
      "pos": [
        -1690,
        310
      ],
      "size": [
        315,
        186
      ],
      "flags": {},
      "order": 23,
      "mode": 0,
      "inputs": [
        {
          "label": "正面条件",
          "name": "positive",
          "type": "CONDITIONING",
          "link": 75
        },
        {
          "label": "负面条件",
          "name": "negative",
          "type": "CONDITIONING",
          "link": 77
        },
        {
          "label": "ControlNet",
          "name": "control_net",
          "type": "CONTROL_NET",
          "link": 74
        },
        {
          "label": "图像",
          "name": "image",
          "type": "IMAGE",
          "link": 79
        },
        {
          "name": "vae",
          "shape": 7,
          "type": "VAE",
          "link": 80
        }
      ],
      "outputs": [
        {
          "label": "正面条件",
          "name": "positive",
          "type": "CONDITIONING",
          "slot_index": 0,
          "links": [
            78
          ]
        },
        {
          "label": "负面条件",
          "name": "negative",
          "type": "CONDITIONING",
          "links": null
        }
      ],
      "properties": {
        "Node name for S&R": "ControlNetApplyAdvanced"
      },
      "widgets_values": [
        0.5,
        0,
        0.5
      ]
    },
    {
      "id": 54,
      "type": "Fast Groups Bypasser (rgthree)",
      "pos": [
        -2140,
        -690
      ],
      "size": [
        210,
        106
      ],
      "flags": {},
      "order": 5,
      "mode": 0,
      "inputs": [],
      "outputs": [
        {
          "label": "可选连接",
          "name": "OPT_CONNECTION",
          "type": "*",
          "links": null
        }
      ],
      "properties": {
        "matchColors": "",
        "matchTitle": "",
        "showNav": true,
        "sort": "position",
        "customSortAlphabet": "",
        "toggleRestriction": "default"
      },
      "color": "#af3535"
    },
    {
      "id": 3,
      "type": "LdmVaeLoader",
      "pos": [
        430,
        390
      ],
      "size": [
        315,
        82
      ],
      "flags": {},
      "order": 6,
      "mode": 0,
      "inputs": [],
      "outputs": [
        {
          "label": "AUTOENCODER",
          "name": "AUTOENCODER",
          "type": "AUTOENCODER",
          "slot_index": 0,
          "links": [
            4
          ]
        }
      ],
      "properties": {
        "Node name for S&R": "LdmVaeLoader"
      },
      "widgets_values": [
        "SDXL\\sdxl_vae_fp16fix.safetensors",
        true
      ]
    },
    {
      "id": 62,
      "type": "easy clearCacheAll",
      "pos": [
        380,
        -440
      ],
      "size": [
        210,
        26
      ],
      "flags": {
        "collapsed": true
      },
      "order": 37,
      "mode": 0,
      "inputs": [
        {
          "label": "输入任何",
          "name": "anything",
          "type": "*",
          "link": 83
        }
      ],
      "outputs": [
        {
          "name": "output",
          "type": "*",
          "slot_index": 0,
          "links": [
            85
          ]
        }
      ],
      "properties": {
        "Node name for S&R": "easy clearCacheAll"
      },
      "widgets_values": []
    },
    {
      "id": 41,
      "type": "SamplerCustomAdvanced",
      "pos": [
        -590,
        -500
      ],
      "size": [
        355.20001220703125,
        106
      ],
      "flags": {},
      "order": 31,
      "mode": 0,
      "inputs": [
        {
          "label": "噪波生成",
          "name": "noise",
          "type": "NOISE",
          "link": 54
        },
        {
          "label": "引导",
          "name": "guider",
          "type": "GUIDER",
          "link": 55
        },
        {
          "label": "采样器",
          "name": "sampler",
          "type": "SAMPLER",
          "link": 56
        },
        {
          "label": "Sigmas",
          "name": "sigmas",
          "type": "SIGMAS",
          "link": 57
        },
        {
          "label": "Latent",
          "name": "latent_image",
          "type": "LATENT",
          "link": 58
        }
      ],
      "outputs": [
        {
          "label": "输出",
          "name": "output",
          "type": "LATENT",
          "slot_index": 0,
          "links": [
            60
          ]
        },
        {
          "label": "降噪输出",
          "name": "denoised_output",
          "type": "LATENT",
          "slot_index": 1,
          "links": []
        }
      ],
      "properties": {
        "Node name for S&R": "SamplerCustomAdvanced"
      },
      "widgets_values": []
    },
    {
      "id": 44,
      "type": "RandomNoise",
      "pos": [
        -950,
        -500
      ],
      "size": [
        315,
        82
      ],
      "flags": {},
      "order": 7,
      "mode": 0,
      "inputs": [],
      "outputs": [
        {
          "label": "噪波生成",
          "name": "NOISE",
          "type": "NOISE",
          "links": [
            54
          ]
        }
      ],
      "properties": {
        "Node name for S&R": "RandomNoise"
      },
      "widgets_values": [
        588927935052463,
        "fixed"
      ]
    },
    {
      "id": 53,
      "type": "CheckpointLoaderSimple",
      "pos": [
        -2120,
        -490
      ],
      "size": [
        315,
        98
      ],
      "flags": {},
      "order": 8,
      "mode": 0,
      "inputs": [],
      "outputs": [
        {
          "label": "模型",
          "name": "MODEL",
          "type": "MODEL",
          "slot_index": 0,
          "links": [
            69
          ]
        },
        {
          "label": "CLIP",
          "name": "CLIP",
          "type": "CLIP",
          "slot_index": 1,
          "links": [
            70,
            76
          ]
        },
        {
          "label": "VAE",
          "name": "VAE",
          "type": "VAE",
          "slot_index": 2,
          "links": [
            71,
            80
          ]
        }
      ],
      "properties": {
        "Node name for S&R": "CheckpointLoaderSimple"
      },
      "widgets_values": [
        "Flux\\flux1-dev-fp8-with_clip_vae.safetensors"
      ]
    },
    {
      "id": 50,
      "type": "PrimitiveNode",
      "pos": [
        -1700,
        -230
      ],
      "size": [
        210,
        82
      ],
      "flags": {},
      "order": 9,
      "mode": 0,
      "inputs": [],
      "outputs": [
        {
          "label": "INT",
          "name": "INT",
          "type": "INT",
          "widget": {
            "name": "width"
          },
          "links": [
            65,
            67
          ]
        }
      ],
      "properties": {
        "Run widget replace on values": false
      },
      "widgets_values": [
        1024,
        "fixed"
      ]
    },
    {
      "id": 6,
      "type": "DiffusersMVSampler",
      "pos": [
        1250,
        -10
      ],
      "size": [
        410,
        540
      ],
      "flags": {},
      "order": 30,
      "mode": 0,
      "inputs": [
        {
          "label": "pipeline",
          "name": "pipeline",
          "type": "PIPELINE",
          "link": 5
        },
        {
          "label": "reference_image",
          "name": "reference_image",
          "shape": 7,
          "type": "IMAGE",
          "link": 45
        },
        {
          "label": "controlnet_image",
          "name": "controlnet_image",
          "shape": 7,
          "type": "IMAGE",
          "link": null
        },
        {
          "label": "azimuth_degrees",
          "name": "azimuth_degrees",
          "shape": 7,
          "type": "LIST",
          "link": null
        }
      ],
      "outputs": [
        {
          "label": "IMAGE",
          "name": "IMAGE",
          "type": "IMAGE",
          "slot_index": 0,
          "links": [
            40,
            100
          ]
        }
      ],
      "properties": {
        "Node name for S&R": "DiffusersMVSampler"
      },
      "widgets_values": [
        6,
        "A boy wearing a blue shirt and blue shoes, with orange pants and hair. He has an orange necklace around his neck and a blue strap on his pants. Front facing full body image, with two arms spread out. Character design, three-dimensional characters, Chinese 2D anime images, the entire character has a Chinese temperament.",
        "watermark, ugly, deformed, noisy, blurry, low contrast",
        768,
        768,
        50,
        3,
        171359089249778,
        "fixed",
        1,
        [
          false,
          true
        ],
        [
          false,
          true
        ]
      ]
    },
    {
      "id": 16,
      "type": "PreviewImage",
      "pos": [
        1760,
        -460
      ],
      "size": [
        1250,
        860
      ],
      "flags": {},
      "order": 32,
      "mode": 0,
      "inputs": [
        {
          "label": "图像",
          "name": "images",
          "type": "IMAGE",
          "link": 40
        }
      ],
      "outputs": [],
      "properties": {
        "Node name for S&R": "PreviewImage"
      },
      "widgets_values": []
    },
    {
      "id": 52,
      "type": "CLIPTextEncode",
      "pos": [
        -1770,
        -490
      ],
      "size": [
        422.84503173828125,
        164.31304931640625
      ],
      "flags": {},
      "order": 17,
      "mode": 0,
      "inputs": [
        {
          "label": "CLIP",
          "name": "clip",
          "type": "CLIP",
          "link": 70
        }
      ],
      "outputs": [
        {
          "label": "条件",
          "name": "CONDITIONING",
          "type": "CONDITIONING",
          "slot_index": 0,
          "links": [
            75
          ]
        }
      ],
      "properties": {
        "Node name for S&R": "CLIPTextEncode"
      },
      "widgets_values": [
        "A boy wearing a blue shirt and blue shoes, with orange pants and hair. He has an orange necklace around his neck and a blue strap on his pants. Front facing full body image, with two arms spread out. Character design, three-dimensional characters, Chinese 2D anime images, the entire character has a Chinese temperament.",
        [
          false,
          true
        ]
      ]
    },
    {
      "id": 43,
      "type": "VAEDecode",
      "pos": [
        -540,
        -330
      ],
      "size": [
        210,
        46
      ],
      "flags": {},
      "order": 34,
      "mode": 0,
      "inputs": [
        {
          "label": "Latent",
          "name": "samples",
          "type": "LATENT",
          "link": 60
        },
        {
          "label": "VAE",
          "name": "vae",
          "type": "VAE",
          "link": 71
        }
      ],
      "outputs": [
        {
          "label": "图像",
          "name": "IMAGE",
          "type": "IMAGE",
          "slot_index": 0,
          "links": [
            59,
            81
          ]
        }
      ],
      "properties": {
        "Node name for S&R": "VAEDecode"
      },
      "widgets_values": []
    },
    {
      "id": 42,
      "type": "SaveImage",
      "pos": [
        -220,
        -500
      ],
      "size": [
        505,
        695
      ],
      "flags": {},
      "order": 35,
      "mode": 0,
      "inputs": [
        {
          "label": "图像",
          "name": "images",
          "type": "IMAGE",
          "link": 59
        },
        {
          "label": "文件名前缀",
          "name": "filename_prefix",
          "type": "STRING",
          "widget": {
            "name": "filename_prefix"
          },
          "link": 122
        }
      ],
      "outputs": [],
      "properties": {
        "Node name for S&R": "SaveImage"
      },
      "widgets_values": [
        "Jucy/Jucy"
      ]
    },
    {
      "id": 84,
      "type": "Simple String",
      "pos": [
        -580,
        -230
      ],
      "size": [
        315,
        58
      ],
      "flags": {
        "collapsed": false
      },
      "order": 10,
      "mode": 0,
      "inputs": [],
      "outputs": [
        {
          "label": "字符串",
          "name": "STRING",
          "type": "STRING",
          "links": [
            122
          ]
        }
      ],
      "properties": {
        "Node name for S&R": "Simple String"
      },
      "widgets_values": [
        ""
      ],
      "color": "#af3535",
      "shape": 2
    },
    {
      "id": 76,
      "type": "SaveImage",
      "pos": [
        3060,
        -460
      ],
      "size": [
        315,
        270
      ],
      "flags": {
        "collapsed": false
      },
      "order": 33,
      "mode": 0,
      "inputs": [
        {
          "label": "图像",
          "name": "images",
          "type": "IMAGE",
          "link": 100
        },
        {
          "label": "文件名前缀",
          "name": "filename_prefix",
          "type": "STRING",
          "widget": {
            "name": "filename_prefix"
          },
          "link": 123
        }
      ],
      "outputs": [],
      "properties": {
        "Node name for S&R": "SaveImage"
      },
      "widgets_values": [
        "Jucy/Jucy-MutiView"
      ]
    },
    {
      "id": 32,
      "type": "LayerUtility: PurgeVRAM",
      "pos": [
        530,
        -450
      ],
      "size": [
        210,
        82
      ],
      "flags": {
        "collapsed": true
      },
      "order": 38,
      "mode": 0,
      "inputs": [
        {
          "label": "anything",
          "name": "anything",
          "type": "*",
          "link": 85
        }
      ],
      "outputs": [],
      "properties": {
        "Node name for S&R": "LayerUtility: PurgeVRAM"
      },
      "widgets_values": [
        true,
        true
      ],
      "color": "rgba(38, 73, 116, 0.7)"
    },
    {
      "id": 61,
      "type": "easy cleanGpuUsed",
      "pos": [
        380,
        -490
      ],
      "size": [
        210,
        26
      ],
      "flags": {
        "collapsed": true
      },
      "order": 36,
      "mode": 0,
      "inputs": [
        {
          "label": "输入任何",
          "name": "anything",
          "type": "*",
          "link": 81
        }
      ],
      "outputs": [
        {
          "name": "output",
          "type": "*",
          "slot_index": 0,
          "links": [
            83
          ]
        }
      ],
      "properties": {
        "Node name for S&R": "easy cleanGpuUsed"
      },
      "widgets_values": []
    },
    {
      "id": 20,
      "type": "LayerMask: LoadBiRefNetModelV2",
      "pos": [
        430,
        -380
      ],
      "size": [
        352.79998779296875,
        58
      ],
      "flags": {
        "collapsed": true
      },
      "order": 11,
      "mode": 0,
      "inputs": [],
      "outputs": [
        {
          "label": "birefnet_model",
          "name": "birefnet_model",
          "type": "BIREFNET_MODEL",
          "links": [
            14
          ]
        }
      ],
      "properties": {
        "Node name for S&R": "LayerMask: LoadBiRefNetModelV2"
      },
      "widgets_values": [
        "RMBG-2.0"
      ],
      "color": "rgba(27, 80, 119, 0.7)"
    },
    {
      "id": 55,
      "type": "Fast Groups Bypasser (rgthree)",
      "pos": [
        400,
        -720
      ],
      "size": [
        210,
        106
      ],
      "flags": {},
      "order": 12,
      "mode": 0,
      "inputs": [],
      "outputs": [
        {
          "label": "可选连接",
          "name": "OPT_CONNECTION",
          "type": "*",
          "links": null
        }
      ],
      "properties": {
        "matchColors": "",
        "matchTitle": "",
        "showNav": true,
        "sort": "position",
        "customSortAlphabet": "",
        "toggleRestriction": "default"
      },
      "color": "#af3535"
    },
    {
      "id": 85,
      "type": "Simple String",
      "pos": [
        3060,
        -130
      ],
      "size": [
        315,
        58
      ],
      "flags": {
        "collapsed": false
      },
      "order": 13,
      "mode": 0,
      "inputs": [],
      "outputs": [
        {
          "label": "字符串",
          "name": "STRING",
          "type": "STRING",
          "links": [
            123
          ]
        }
      ],
      "properties": {
        "Node name for S&R": "Simple String"
      },
      "widgets_values": [
        "小宋/Xiaosong"
      ],
      "color": "#af3535",
      "shape": 2
    },
    {
      "id": 63,
      "type": "ImageScaleBy",
      "pos": [
        540,
        -500
      ],
      "size": [
        210,
        82
      ],
      "flags": {
        "collapsed": false
      },
      "order": 21,
      "mode": 0,
      "inputs": [
        {
          "label": "图像",
          "name": "image",
          "type": "IMAGE",
          "link": 128
        }
      ],
      "outputs": [
        {
          "label": "图像",
          "name": "IMAGE",
          "type": "IMAGE",
          "slot_index": 0,
          "links": [
            126,
            127
          ]
        }
      ],
      "properties": {
        "Node name for S&R": "ImageScaleBy"
      },
      "widgets_values": [
        "nearest-exact",
        0.75
      ]
    },
    {
      "id": 88,
      "type": "LoadImage",
      "pos": [
        700,
        -900
      ],
      "size": [
        315,
        314
      ],
      "flags": {},
      "order": 14,
      "mode": 0,
      "inputs": [],
      "outputs": [
        {
          "label": "图像",
          "name": "IMAGE",
          "type": "IMAGE",
          "slot_index": 0,
          "links": [
            128
          ]
        },
        {
          "label": "遮罩",
          "name": "MASK",
          "type": "MASK",
          "links": null
        }
      ],
      "properties": {
        "Node name for S&R": "LoadImage"
      },
      "widgets_values": [
        "Jucy_00015_.png",
        "image"
      ]
    },
    {
      "id": 27,
      "type": "EmptyImage",
      "pos": [
        870,
        -230
      ],
      "size": [
        315,
        130
      ],
      "flags": {},
      "order": 15,
      "mode": 0,
      "inputs": [],
      "outputs": [
        {
          "label": "图像",
          "name": "IMAGE",
          "type": "IMAGE",
          "links": [
            27
          ]
        }
      ],
      "properties": {
        "Node name for S&R": "EmptyImage"
      },
      "widgets_values": [
        768,
        768,
        1,
        0
      ]
    },
    {
      "id": 26,
      "type": "ImageCompositeMasked",
      "pos": [
        870,
        -440
      ],
      "size": [
        315,
        146
      ],
      "flags": {},
      "order": 27,
      "mode": 0,
      "inputs": [
        {
          "label": "目标图像",
          "name": "destination",
          "type": "IMAGE",
          "link": 27
        },
        {
          "label": "源图像",
          "name": "source",
          "type": "IMAGE",
          "link": 126
        },
        {
          "label": "遮罩",
          "name": "mask",
          "shape": 7,
          "type": "MASK",
          "link": 42
        }
      ],
      "outputs": [
        {
          "label": "图像",
          "name": "IMAGE",
          "type": "IMAGE",
          "slot_index": 0,
          "links": [
            44,
            45
          ]
        }
      ],
      "properties": {
        "Node name for S&R": "ImageCompositeMasked"
      },
      "widgets_values": [
        0,
        0,
        false
      ]
    }
  ],
  "links": [
    [
      1,
      1,
      0,
      2,
      0,
      "PIPELINE"
    ],
    [
      2,
      1,
      0,
      4,
      0,
      "PIPELINE"
    ],
    [
      3,
      2,
      0,
      4,
      1,
      "SCHEDULER"
    ],
    [
      4,
      3,
      0,
      4,
      2,
      "AUTOENCODER"
    ],
    [
      5,
      4,
      0,
      6,
      0,
      "PIPELINE"
    ],
    [
      14,
      20,
      0,
      18,
      1,
      "BIREFNET_MODEL"
    ],
    [
      27,
      27,
      0,
      26,
      0,
      "IMAGE"
    ],
    [
      40,
      6,
      0,
      16,
      0,
      "IMAGE"
    ],
    [
      42,
      18,
      1,
      26,
      2,
      "MASK"
    ],
    [
      44,
      26,
      0,
      19,
      0,
      "IMAGE"
    ],
    [
      45,
      26,
      0,
      6,
      1,
      "IMAGE"
    ],
    [
      54,
      44,
      0,
      41,
      0,
      "NOISE"
    ],
    [
      55,
      47,
      0,
      41,
      1,
      "GUIDER"
    ],
    [
      56,
      40,
      0,
      41,
      2,
      "SAMPLER"
    ],
    [
      57,
      45,
      0,
      41,
      3,
      "SIGMAS"
    ],
    [
      58,
      48,
      0,
      41,
      4,
      "LATENT"
    ],
    [
      59,
      43,
      0,
      42,
      0,
      "IMAGE"
    ],
    [
      60,
      41,
      0,
      43,
      0,
      "LATENT"
    ],
    [
      61,
      49,
      0,
      45,
      0,
      "MODEL"
    ],
    [
      63,
      49,
      0,
      47,
      0,
      "MODEL"
    ],
    [
      64,
      46,
      0,
      47,
      1,
      "CONDITIONING"
    ],
    [
      65,
      50,
      0,
      48,
      0,
      "INT"
    ],
    [
      66,
      51,
      0,
      48,
      1,
      "INT"
    ],
    [
      67,
      50,
      0,
      49,
      1,
      "INT"
    ],
    [
      68,
      51,
      0,
      49,
      2,
      "INT"
    ],
    [
      69,
      53,
      0,
      49,
      0,
      "MODEL"
    ],
    [
      70,
      53,
      1,
      52,
      0,
      "CLIP"
    ],
    [
      71,
      53,
      2,
      43,
      1,
      "VAE"
    ],
    [
      74,
      57,
      0,
      58,
      2,
      "CONTROL_NET"
    ],
    [
      75,
      52,
      0,
      58,
      0,
      "CONDITIONING"
    ],
    [
      76,
      53,
      1,
      59,
      0,
      "CLIP"
    ],
    [
      77,
      59,
      0,
      58,
      1,
      "CONDITIONING"
    ],
    [
      78,
      58,
      0,
      46,
      0,
      "CONDITIONING"
    ],
    [
      79,
      60,
      0,
      58,
      3,
      "IMAGE"
    ],
    [
      80,
      53,
      2,
      58,
      4,
      "VAE"
    ],
    [
      81,
      43,
      0,
      61,
      0,
      "*"
    ],
    [
      83,
      61,
      0,
      62,
      0,
      "*"
    ],
    [
      85,
      62,
      0,
      32,
      0,
      "*"
    ],
    [
      100,
      6,
      0,
      76,
      0,
      "IMAGE"
    ],
    [
      122,
      84,
      0,
      42,
      1,
      "STRING"
    ],
    [
      123,
      85,
      0,
      76,
      1,
      "STRING"
    ],
    [
      126,
      63,
      0,
      26,
      1,
      "IMAGE"
    ],
    [
      127,
      63,
      0,
      18,
      0,
      "IMAGE"
    ],
    [
      128,
      88,
      0,
      63,
      0,
      "IMAGE"
    ]
  ],
  "groups": [
    {
      "id": 1,
      "title": "Muti-View多视角生成",
      "bounding": [
        350,
        -570,
        3100,
        1150
      ],
      "color": "#8A8",
      "font_size": 24,
      "flags": {}
    },
    {
      "id": 2,
      "title": "Flux生成人物",
      "bounding": [
        -2150,
        -570,
        2465,
        778.5999755859375
      ],
      "color": "#A88",
      "font_size": 24,
      "flags": {}
    },
    {
      "id": 3,
      "title": "Flux姿势控制",
      "bounding": [
        -2150,
        230,
        785,
        497.6000061035156
      ],
      "color": "#3f789e",
      "font_size": 24,
      "flags": {}
    }
  ],
  "config": {},
  "extra": {
    "ds": {
      "scale": 0.7627768444385482,
      "offset": [
        2694.0909148789315,
        763.6823676257522
      ]
    },
    "workspace_info": {
      "id": "zSjjgrovDNdkiDJuALpuK",
      "saveLock": false,
      "cloudID": null,
      "coverMediaPath": null
    },
    "node_versions": {
      "ComfyUI-MVAdapter": "b2840bfeee364c013fa91b485395f5eb5df03877",
      "comfy-core": "0.3.29",
      "ComfyUI_LayerStyle_Advance": "2b535689836774572bdacfb67c2fbdc6816a8c47",
      "ComfyUI-Easy-Use": "17379c5156a0003b52d2fc6b7da9409e7ea20b32",
      "cg-use-everywhere": "ce510b97d10e69d5fd0042e115ecd946890d2079",
      "ComfyUI_LayerStyle": "84d357ad826731a931c305bf11a1101b8ac2976c"
    },
    "ue_links": [],
    "frontendVersion": "1.16.9",
    "VHS_latentpreview": false,
    "VHS_latentpreviewrate": 0
  },
  "version": 0.4
}