{
  "id": "a6908770-425a-4792-b641-d16dd8d4b069",
  "revision": 0,
  "last_node_id": 104,
  "last_link_id": 197,
  "nodes": [
    {
      "id": 16,
      "type": "PreviewImage",
      "pos": [
        250,
        2910
      ],
      "size": [
        400,
        550
      ],
      "flags": {},
      "order": 20,
      "mode": 0,
      "inputs": [
        {
          "label": "图像",
          "name": "images",
          "type": "IMAGE",
          "link": 168
        }
      ],
      "outputs": [],
      "properties": {
        "Node name for S&R": "PreviewImage"
      },
      "widgets_values": []
    },
    {
      "id": 20,
      "type": "PreviewImage",
      "pos": [
        720,
        2910
      ],
      "size": [
        400,
        550
      ],
      "flags": {},
      "order": 22,
      "mode": 0,
      "inputs": [
        {
          "label": "图像",
          "name": "images",
          "type": "IMAGE",
          "link": 171
        }
      ],
      "outputs": [],
      "properties": {
        "Node name for S&R": "PreviewImage"
      },
      "widgets_values": []
    },
    {
      "id": 24,
      "type": "PreviewImage",
      "pos": [
        1200,
        2910
      ],
      "size": [
        400,
        550
      ],
      "flags": {},
      "order": 24,
      "mode": 0,
      "inputs": [
        {
          "label": "图像",
          "name": "images",
          "type": "IMAGE",
          "link": 174
        }
      ],
      "outputs": [],
      "properties": {
        "Node name for S&R": "PreviewImage"
      },
      "widgets_values": []
    },
    {
      "id": 11,
      "type": "PreviewImage",
      "pos": [
        -210,
        2910
      ],
      "size": [
        400,
        550
      ],
      "flags": {},
      "order": 18,
      "mode": 0,
      "inputs": [
        {
          "label": "图像",
          "name": "images",
          "type": "IMAGE",
          "link": 164
        }
      ],
      "outputs": [],
      "properties": {
        "Node name for S&R": "PreviewImage"
      },
      "widgets_values": []
    },
    {
      "id": 84,
      "type": "SaveImage",
      "pos": [
        -180,
        4850
      ],
      "size": [
        340,
        400
      ],
      "flags": {},
      "order": 17,
      "mode": 0,
      "inputs": [
        {
          "label": "图像",
          "name": "images",
          "type": "IMAGE",
          "link": 151
        },
        {
          "label": "文件名前缀",
          "name": "filename_prefix",
          "type": "STRING",
          "widget": {
            "name": "filename_prefix"
          },
          "link": 134
        }
      ],
      "outputs": [],
      "properties": {
        "Node name for S&R": "SaveImage"
      },
      "widgets_values": [
        "ComfyUI"
      ]
    },
    {
      "id": 93,
      "type": "SaveImage",
      "pos": [
        280,
        4850
      ],
      "size": [
        340,
        400
      ],
      "flags": {},
      "order": 19,
      "mode": 0,
      "inputs": [
        {
          "label": "图像",
          "name": "images",
          "type": "IMAGE",
          "link": 152
        },
        {
          "label": "文件名前缀",
          "name": "filename_prefix",
          "type": "STRING",
          "widget": {
            "name": "filename_prefix"
          },
          "link": 155
        }
      ],
      "outputs": [],
      "properties": {
        "Node name for S&R": "SaveImage"
      },
      "widgets_values": [
        "ComfyUI"
      ]
    },
    {
      "id": 94,
      "type": "SaveImage",
      "pos": [
        740,
        4850
      ],
      "size": [
        340,
        400
      ],
      "flags": {},
      "order": 21,
      "mode": 0,
      "inputs": [
        {
          "label": "图像",
          "name": "images",
          "type": "IMAGE",
          "link": 153
        },
        {
          "label": "文件名前缀",
          "name": "filename_prefix",
          "type": "STRING",
          "widget": {
            "name": "filename_prefix"
          },
          "link": 156
        }
      ],
      "outputs": [],
      "properties": {
        "Node name for S&R": "SaveImage"
      },
      "widgets_values": [
        "ComfyUI"
      ]
    },
    {
      "id": 95,
      "type": "SaveImage",
      "pos": [
        1230,
        4850
      ],
      "size": [
        340,
        400
      ],
      "flags": {},
      "order": 23,
      "mode": 0,
      "inputs": [
        {
          "label": "图像",
          "name": "images",
          "type": "IMAGE",
          "link": 154
        },
        {
          "label": "文件名前缀",
          "name": "filename_prefix",
          "type": "STRING",
          "widget": {
            "name": "filename_prefix"
          },
          "link": 157
        }
      ],
      "outputs": [],
      "properties": {
        "Node name for S&R": "SaveImage"
      },
      "widgets_values": [
        "ComfyUI"
      ]
    },
    {
      "id": 1,
      "type": "ExpressionEditor",
      "pos": [
        -210,
        3930
      ],
      "size": [
        400,
        840
      ],
      "flags": {},
      "order": 2,
      "mode": 0,
      "inputs": [
        {
          "label": "图像",
          "name": "src_image",
          "shape": 7,
          "type": "IMAGE",
          "link": 21
        },
        {
          "label": "动态数据",
          "name": "motion_link",
          "shape": 7,
          "type": "EDITOR_LINK",
          "link": null
        },
        {
          "label": "参考图像",
          "name": "sample_image",
          "shape": 7,
          "type": "IMAGE",
          "link": null
        },
        {
          "label": "表情数据",
          "name": "add_exp",
          "shape": 7,
          "type": "EXP_DATA",
          "link": null
        }
      ],
      "outputs": [
        {
          "label": "图像",
          "name": "image",
          "type": "IMAGE",
          "slot_index": 0,
          "links": [
            162
          ]
        },
        {
          "label": "动态数据",
          "name": "motion_link",
          "type": "EDITOR_LINK",
          "links": null
        },
        {
          "label": "表情数据",
          "name": "save_exp",
          "type": "EXP_DATA",
          "links": null
        }
      ],
      "properties": {
        "Node name for S&R": "ExpressionEditor"
      },
      "widgets_values": [
        7,
        9,
        13,
        0,
        0,
        7,
        15,
        0,
        0,
        0,
        15,
        0,
        0,
        1.2,
        "OnlyExpression",
        2
      ]
    },
    {
      "id": 15,
      "type": "ExpressionEditor",
      "pos": [
        250,
        3930
      ],
      "size": [
        400,
        840
      ],
      "flags": {},
      "order": 3,
      "mode": 0,
      "inputs": [
        {
          "label": "图像",
          "name": "src_image",
          "shape": 7,
          "type": "IMAGE",
          "link": 25
        },
        {
          "label": "动态数据",
          "name": "motion_link",
          "shape": 7,
          "type": "EDITOR_LINK",
          "link": null
        },
        {
          "label": "参考图像",
          "name": "sample_image",
          "shape": 7,
          "type": "IMAGE",
          "link": null
        },
        {
          "label": "表情数据",
          "name": "add_exp",
          "shape": 7,
          "type": "EXP_DATA",
          "link": null
        }
      ],
      "outputs": [
        {
          "label": "图像",
          "name": "image",
          "type": "IMAGE",
          "slot_index": 0,
          "links": [
            166
          ]
        },
        {
          "label": "动态数据",
          "name": "motion_link",
          "type": "EDITOR_LINK",
          "links": null
        },
        {
          "label": "表情数据",
          "name": "save_exp",
          "type": "EXP_DATA",
          "links": null
        }
      ],
      "properties": {
        "Node name for S&R": "ExpressionEditor"
      },
      "widgets_values": [
        -8.5,
        -9,
        -9.5,
        -20,
        -10,
        25,
        15,
        -5,
        50,
        0,
        0,
        0.13,
        0,
        1.2,
        "OnlyExpression",
        2
      ]
    },
    {
      "id": 19,
      "type": "ExpressionEditor",
      "pos": [
        720,
        3930
      ],
      "size": [
        400,
        840
      ],
      "flags": {},
      "order": 4,
      "mode": 0,
      "inputs": [
        {
          "label": "图像",
          "name": "src_image",
          "shape": 7,
          "type": "IMAGE",
          "link": 29
        },
        {
          "label": "动态数据",
          "name": "motion_link",
          "shape": 7,
          "type": "EDITOR_LINK",
          "link": null
        },
        {
          "label": "参考图像",
          "name": "sample_image",
          "shape": 7,
          "type": "IMAGE",
          "link": null
        },
        {
          "label": "表情数据",
          "name": "add_exp",
          "shape": 7,
          "type": "EXP_DATA",
          "link": null
        }
      ],
      "outputs": [
        {
          "label": "图像",
          "name": "image",
          "type": "IMAGE",
          "slot_index": 0,
          "links": [
            169
          ]
        },
        {
          "label": "动态数据",
          "name": "motion_link",
          "type": "EDITOR_LINK",
          "links": null
        },
        {
          "label": "表情数据",
          "name": "save_exp",
          "type": "EXP_DATA",
          "links": null
        }
      ],
      "properties": {
        "Node name for S&R": "ExpressionEditor"
      },
      "widgets_values": [
        20,
        -20,
        20,
        0,
        0,
        0,
        15,
        15,
        -20,
        0,
        -2,
        0,
        0,
        1.2,
        "OnlyExpression",
        2
      ]
    },
    {
      "id": 23,
      "type": "ExpressionEditor",
      "pos": [
        1200,
        3930
      ],
      "size": [
        400,
        840
      ],
      "flags": {},
      "order": 5,
      "mode": 0,
      "inputs": [
        {
          "label": "图像",
          "name": "src_image",
          "shape": 7,
          "type": "IMAGE",
          "link": 33
        },
        {
          "label": "动态数据",
          "name": "motion_link",
          "shape": 7,
          "type": "EDITOR_LINK",
          "link": null
        },
        {
          "label": "参考图像",
          "name": "sample_image",
          "shape": 7,
          "type": "IMAGE",
          "link": null
        },
        {
          "label": "表情数据",
          "name": "add_exp",
          "shape": 7,
          "type": "EXP_DATA",
          "link": null
        }
      ],
      "outputs": [
        {
          "label": "图像",
          "name": "image",
          "type": "IMAGE",
          "slot_index": 0,
          "links": [
            172
          ]
        },
        {
          "label": "动态数据",
          "name": "motion_link",
          "type": "EDITOR_LINK",
          "links": null
        },
        {
          "label": "表情数据",
          "name": "save_exp",
          "type": "EXP_DATA",
          "links": null
        }
      ],
      "properties": {
        "Node name for S&R": "ExpressionEditor"
      },
      "widgets_values": [
        0,
        0,
        0,
        -5,
        0,
        20,
        -15,
        -15,
        90,
        -20,
        15,
        0,
        0,
        1.2,
        "All",
        2
      ]
    },
    {
      "id": 10,
      "type": "ImageScale",
      "pos": [
        -170,
        3740
      ],
      "size": [
        315,
        130
      ],
      "flags": {
        "collapsed": false
      },
      "order": 12,
      "mode": 0,
      "inputs": [
        {
          "label": "图像",
          "name": "image",
          "type": "IMAGE",
          "link": 163
        }
      ],
      "outputs": [
        {
          "label": "图像",
          "name": "IMAGE",
          "type": "IMAGE",
          "slot_index": 0,
          "links": [
            151,
            164
          ]
        }
      ],
      "properties": {
        "Node name for S&R": "ImageScale"
      },
      "widgets_values": [
        "bilinear",
        1024,
        1024,
        "center"
      ]
    },
    {
      "id": 18,
      "type": "ImageScale",
      "pos": [
        290,
        3740
      ],
      "size": [
        315,
        130
      ],
      "flags": {
        "collapsed": false
      },
      "order": 13,
      "mode": 0,
      "inputs": [
        {
          "label": "图像",
          "name": "image",
          "type": "IMAGE",
          "link": 167
        }
      ],
      "outputs": [
        {
          "label": "图像",
          "name": "IMAGE",
          "type": "IMAGE",
          "slot_index": 0,
          "links": [
            152,
            168
          ]
        }
      ],
      "properties": {
        "Node name for S&R": "ImageScale"
      },
      "widgets_values": [
        "bilinear",
        1024,
        1024,
        "center"
      ]
    },
    {
      "id": 22,
      "type": "ImageScale",
      "pos": [
        760,
        3740
      ],
      "size": [
        315,
        130
      ],
      "flags": {
        "collapsed": false
      },
      "order": 14,
      "mode": 0,
      "inputs": [
        {
          "label": "图像",
          "name": "image",
          "type": "IMAGE",
          "link": 170
        }
      ],
      "outputs": [
        {
          "label": "图像",
          "name": "IMAGE",
          "type": "IMAGE",
          "slot_index": 0,
          "links": [
            153,
            171
          ]
        }
      ],
      "properties": {
        "Node name for S&R": "ImageScale"
      },
      "widgets_values": [
        "bilinear",
        1024,
        1024,
        "center"
      ]
    },
    {
      "id": 26,
      "type": "ImageScale",
      "pos": [
        1240,
        3740
      ],
      "size": [
        315,
        130
      ],
      "flags": {
        "collapsed": false
      },
      "order": 15,
      "mode": 0,
      "inputs": [
        {
          "label": "图像",
          "name": "image",
          "type": "IMAGE",
          "link": 173
        }
      ],
      "outputs": [
        {
          "label": "图像",
          "name": "IMAGE",
          "type": "IMAGE",
          "slot_index": 0,
          "links": [
            154,
            174
          ]
        }
      ],
      "properties": {
        "Node name for S&R": "ImageScale"
      },
      "widgets_values": [
        "bilinear",
        1024,
        1024,
        "center"
      ]
    },
    {
      "id": 98,
      "type": "ImageCrop+",
      "pos": [
        -170,
        3500
      ],
      "size": [
        315,
        194
      ],
      "flags": {},
      "order": 7,
      "mode": 0,
      "inputs": [
        {
          "label": "图像",
          "name": "image",
          "type": "IMAGE",
          "link": 162
        }
      ],
      "outputs": [
        {
          "label": "图像",
          "name": "IMAGE",
          "type": "IMAGE",
          "slot_index": 0,
          "links": [
            163
          ]
        },
        {
          "label": "X",
          "name": "x",
          "type": "INT",
          "links": null
        },
        {
          "label": "Y",
          "name": "y",
          "type": "INT",
          "links": null
        }
      ],
      "properties": {
        "Node name for S&R": "ImageCrop+"
      },
      "widgets_values": [
        152,
        152,
        "top-center",
        0,
        30
      ]
    },
    {
      "id": 100,
      "type": "ImageCrop+",
      "pos": [
        760,
        3500
      ],
      "size": [
        315,
        194
      ],
      "flags": {},
      "order": 9,
      "mode": 0,
      "inputs": [
        {
          "label": "图像",
          "name": "image",
          "type": "IMAGE",
          "link": 169
        }
      ],
      "outputs": [
        {
          "label": "图像",
          "name": "IMAGE",
          "type": "IMAGE",
          "slot_index": 0,
          "links": [
            170
          ]
        },
        {
          "label": "X",
          "name": "x",
          "type": "INT",
          "links": null
        },
        {
          "label": "Y",
          "name": "y",
          "type": "INT",
          "links": null
        }
      ],
      "properties": {
        "Node name for S&R": "ImageCrop+"
      },
      "widgets_values": [
        152,
        152,
        "top-center",
        0,
        30
      ]
    },
    {
      "id": 101,
      "type": "ImageCrop+",
      "pos": [
        1240,
        3500
      ],
      "size": [
        315,
        194
      ],
      "flags": {},
      "order": 10,
      "mode": 0,
      "inputs": [
        {
          "label": "图像",
          "name": "image",
          "type": "IMAGE",
          "link": 172
        }
      ],
      "outputs": [
        {
          "label": "图像",
          "name": "IMAGE",
          "type": "IMAGE",
          "slot_index": 0,
          "links": [
            173
          ]
        },
        {
          "label": "X",
          "name": "x",
          "type": "INT",
          "links": null
        },
        {
          "label": "Y",
          "name": "y",
          "type": "INT",
          "links": null
        }
      ],
      "properties": {
        "Node name for S&R": "ImageCrop+"
      },
      "widgets_values": [
        152,
        152,
        "top-center",
        0,
        20
      ]
    },
    {
      "id": 99,
      "type": "ImageCrop+",
      "pos": [
        290,
        3500
      ],
      "size": [
        315,
        194
      ],
      "flags": {},
      "order": 8,
      "mode": 0,
      "inputs": [
        {
          "label": "图像",
          "name": "image",
          "type": "IMAGE",
          "link": 166
        }
      ],
      "outputs": [
        {
          "label": "图像",
          "name": "IMAGE",
          "type": "IMAGE",
          "slot_index": 0,
          "links": [
            167
          ]
        },
        {
          "label": "X",
          "name": "x",
          "type": "INT",
          "links": null
        },
        {
          "label": "Y",
          "name": "y",
          "type": "INT",
          "links": null
        }
      ],
      "properties": {
        "Node name for S&R": "ImageCrop+"
      },
      "widgets_values": [
        152,
        152,
        "top-center",
        0,
        20
      ]
    },
    {
      "id": 2,
      "type": "LoadImage",
      "pos": [
        -1240,
        3470
      ],
      "size": [
        390,
        410
      ],
      "flags": {},
      "order": 0,
      "mode": 0,
      "inputs": [],
      "outputs": [
        {
          "label": "图像",
          "name": "IMAGE",
          "type": "IMAGE",
          "slot_index": 0,
          "links": [
            21,
            25,
            29,
            33,
            175
          ]
        },
        {
          "label": "遮罩",
          "name": "MASK",
          "type": "MASK",
          "links": null
        }
      ],
      "properties": {
        "Node name for S&R": "LoadImage"
      },
      "widgets_values": [
        "星眸少年_00077_.png",
        "image"
      ]
    },
    {
      "id": 102,
      "type": "ImageCrop+",
      "pos": [
        -590,
        3490
      ],
      "size": [
        315,
        194
      ],
      "flags": {},
      "order": 6,
      "mode": 0,
      "inputs": [
        {
          "label": "图像",
          "name": "image",
          "type": "IMAGE",
          "link": 175
        }
      ],
      "outputs": [
        {
          "label": "图像",
          "name": "IMAGE",
          "type": "IMAGE",
          "slot_index": 0,
          "links": [
            176
          ]
        },
        {
          "label": "X",
          "name": "x",
          "type": "INT",
          "links": null
        },
        {
          "label": "Y",
          "name": "y",
          "type": "INT",
          "links": null
        }
      ],
      "properties": {
        "Node name for S&R": "ImageCrop+"
      },
      "widgets_values": [
        264,
        264,
        "top-center",
        0,
        20
      ]
    },
    {
      "id": 103,
      "type": "ImageScale",
      "pos": [
        -600,
        3740
      ],
      "size": [
        315,
        130
      ],
      "flags": {
        "collapsed": false
      },
      "order": 11,
      "mode": 0,
      "inputs": [
        {
          "label": "图像",
          "name": "image",
          "type": "IMAGE",
          "link": 176
        }
      ],
      "outputs": [
        {
          "label": "图像",
          "name": "IMAGE",
          "type": "IMAGE",
          "slot_index": 0,
          "links": [
            177
          ]
        }
      ],
      "properties": {
        "Node name for S&R": "ImageScale"
      },
      "widgets_values": [
        "bilinear",
        1024,
        1024,
        "center"
      ]
    },
    {
      "id": 104,
      "type": "SaveImage",
      "pos": [
        -600,
        3930
      ],
      "size": [
        315,
        266
      ],
      "flags": {},
      "order": 16,
      "mode": 0,
      "inputs": [
        {
          "label": "图像",
          "name": "images",
          "type": "IMAGE",
          "link": 177
        },
        {
          "label": "文件名前缀",
          "name": "filename_prefix",
          "type": "STRING",
          "widget": {
            "name": "filename_prefix"
          },
          "link": 178
        }
      ],
      "outputs": [],
      "properties": {
        "Node name for S&R": "SaveImage"
      },
      "widgets_values": [
        "ComfyUI"
      ]
    },
    {
      "id": 85,
      "type": "Simple String",
      "pos": [
        -1220,
        3980
      ],
      "size": [
        340,
        58
      ],
      "flags": {},
      "order": 1,
      "mode": 0,
      "inputs": [],
      "outputs": [
        {
          "label": "字符串",
          "name": "STRING",
          "type": "STRING",
          "slot_index": 0,
          "links": [
            134,
            155,
            156,
            157,
            178
          ]
        }
      ],
      "properties": {
        "Node name for S&R": "Simple String"
      },
      "widgets_values": [
        "消融实验\\12火少女\\biaoqing"
      ],
      "color": "#af3535"
    }
  ],
  "links": [
    [
      21,
      2,
      0,
      1,
      0,
      "IMAGE"
    ],
    [
      25,
      2,
      0,
      15,
      0,
      "IMAGE"
    ],
    [
      29,
      2,
      0,
      19,
      0,
      "IMAGE"
    ],
    [
      33,
      2,
      0,
      23,
      0,
      "IMAGE"
    ],
    [
      134,
      85,
      0,
      84,
      1,
      "STRING"
    ],
    [
      151,
      10,
      0,
      84,
      0,
      "IMAGE"
    ],
    [
      152,
      18,
      0,
      93,
      0,
      "IMAGE"
    ],
    [
      153,
      22,
      0,
      94,
      0,
      "IMAGE"
    ],
    [
      154,
      26,
      0,
      95,
      0,
      "IMAGE"
    ],
    [
      155,
      85,
      0,
      93,
      1,
      "STRING"
    ],
    [
      156,
      85,
      0,
      94,
      1,
      "STRING"
    ],
    [
      157,
      85,
      0,
      95,
      1,
      "STRING"
    ],
    [
      162,
      1,
      0,
      98,
      0,
      "IMAGE"
    ],
    [
      163,
      98,
      0,
      10,
      0,
      "IMAGE"
    ],
    [
      164,
      10,
      0,
      11,
      0,
      "IMAGE"
    ],
    [
      166,
      15,
      0,
      99,
      0,
      "IMAGE"
    ],
    [
      167,
      99,
      0,
      18,
      0,
      "IMAGE"
    ],
    [
      168,
      18,
      0,
      16,
      0,
      "IMAGE"
    ],
    [
      169,
      19,
      0,
      100,
      0,
      "IMAGE"
    ],
    [
      170,
      100,
      0,
      22,
      0,
      "IMAGE"
    ],
    [
      171,
      22,
      0,
      20,
      0,
      "IMAGE"
    ],
    [
      172,
      23,
      0,
      101,
      0,
      "IMAGE"
    ],
    [
      173,
      101,
      0,
      26,
      0,
      "IMAGE"
    ],
    [
      174,
      26,
      0,
      24,
      0,
      "IMAGE"
    ],
    [
      175,
      2,
      0,
      102,
      0,
      "IMAGE"
    ],
    [
      176,
      102,
      0,
      103,
      0,
      "IMAGE"
    ],
    [
      177,
      103,
      0,
      104,
      0,
      "IMAGE"
    ],
    [
      178,
      85,
      0,
      104,
      1,
      "STRING"
    ]
  ],
  "groups": [
    {
      "id": 8,
      "title": "表情编辑",
      "bounding": [
        -670,
        2820,
        2300,
        2450
      ],
      "color": "#b06634",
      "font_size": 24,
      "flags": {}
    }
  ],
  "config": {},
  "extra": {
    "ds": {
      "scale": 0.7627768444386074,
      "offset": [
        1965.1646979747154,
        -3146.023439022319
      ]
    },
    "node_versions": {
      "comfy-core": "0.3.29",
      "ComfyUI-AdvancedLivePortrait": "3bba732915e22f18af0d221b9c5c282990181f1b",
      "ComfyUI_essentials": "33ff89fd354d8ec3ab6affb605a79a931b445d99",
      "cg-use-everywhere": "ce510b97d10e69d5fd0042e115ecd946890d2079"
    },
    "ue_links": [],
    "frontendVersion": "1.16.9",
    "VHS_latentpreview": false,
    "VHS_latentpreviewrate": 0
  },
  "version": 0.4
}