{
  "id": "9fb62246-d585-486a-a7b4-0f76e7d3ef8a",
  "revision": 0,
  "last_node_id": 407,
  "last_link_id": 765,
  "nodes": [
    {
      "id": 318,
      "type": "Simple String",
      "pos": [
        -2790,
        2490
      ],
      "size": [
        315,
        58
      ],
      "flags": {},
      "order": 0,
      "mode": 0,
      "inputs": [],
      "outputs": [
        {
          "label": "字符串",
          "name": "STRING",
          "type": "STRING",
          "slot_index": 0,
          "links": [
            605
          ]
        }
      ],
      "properties": {
        "Node name for S&R": "Simple String",
        "ttNbgOverride": {
          "color": "#223",
          "bgcolor": "#335",
          "groupcolor": "#88A"
        }
      },
      "widgets_values": [
        "beauty eyes"
      ],
      "color": "#223",
      "bgcolor": "#335"
    },
    {
      "id": 306,
      "type": "VAEEncode",
      "pos": [
        -740,
        2160
      ],
      "size": [
        210,
        46
      ],
      "flags": {},
      "order": 46,
      "mode": 0,
      "inputs": [
        {
          "label": "图像",
          "name": "pixels",
          "type": "IMAGE",
          "link": 668
        },
        {
          "label": "VAE",
          "name": "vae",
          "type": "VAE",
          "link": 587
        }
      ],
      "outputs": [
        {
          "label": "Latent",
          "name": "LATENT",
          "type": "LATENT",
          "slot_index": 0,
          "links": [
            588
          ]
        }
      ],
      "properties": {
        "Node name for S&R": "VAEEncode",
        "ttNbgOverride": {
          "color": "#223",
          "bgcolor": "#335",
          "groupcolor": "#88A"
        }
      },
      "widgets_values": [],
      "color": "#223",
      "bgcolor": "#335"
    },
    {
      "id": 302,
      "type": "ControlNetLoader",
      "pos": [
        320,
        2090
      ],
      "size": [
        310,
        58
      ],
      "flags": {},
      "order": 1,
      "mode": 0,
      "inputs": [],
      "outputs": [
        {
          "label": "ControlNet",
          "name": "CONTROL_NET",
          "type": "CONTROL_NET",
          "slot_index": 0,
          "links": [
            576
          ]
        }
      ],
      "properties": {
        "Node name for S&R": "ControlNetLoader",
        "ttNbgOverride": {
          "color": "#223",
          "bgcolor": "#335",
          "groupcolor": "#88A"
        }
      },
      "widgets_values": [
        "Flux\\Flux.1-dev-Controlnet-Upscaler .safetensors"
      ],
      "color": "#223",
      "bgcolor": "#335"
    },
    {
      "id": 347,
      "type": "PulidFluxModelLoader",
      "pos": [
        -390,
        2410
      ],
      "size": [
        290,
        60
      ],
      "flags": {},
      "order": 2,
      "mode": 0,
      "inputs": [],
      "outputs": [
        {
          "label": "PULIDFLUX",
          "name": "PULIDFLUX",
          "type": "PULIDFLUX",
          "links": [
            650
          ]
        }
      ],
      "properties": {
        "Node name for S&R": "PulidFluxModelLoader"
      },
      "widgets_values": [
        "pulid_flux_v0.9.0.safetensors"
      ]
    },
    {
      "id": 49,
      "type": "Reroute",
      "pos": [
        -2140,
        1910
      ],
      "size": [
        75,
        26
      ],
      "flags": {},
      "order": 42,
      "mode": 0,
      "inputs": [
        {
          "name": "",
          "type": "*",
          "link": 677
        }
      ],
      "outputs": [
        {
          "name": "",
          "type": "IMAGE",
          "slot_index": 0,
          "links": [
            667,
            668,
            669
          ]
        }
      ],
      "properties": {
        "showOutputText": false,
        "horizontal": false,
        "ttNbgOverride": {
          "color": "#223",
          "bgcolor": "#335",
          "groupcolor": "#88A"
        }
      },
      "color": "#223",
      "bgcolor": "#335"
    },
    {
      "id": 316,
      "type": "PrimitiveNode",
      "pos": [
        -2770,
        2060
      ],
      "size": [
        274.2895812988281,
        82
      ],
      "flags": {},
      "order": 3,
      "mode": 0,
      "inputs": [],
      "outputs": [
        {
          "name": "INT",
          "type": "INT",
          "widget": {
            "name": "start_index"
          },
          "slot_index": 0,
          "links": [
            601
          ]
        }
      ],
      "properties": {
        "Run widget replace on values": false,
        "ttNbgOverride": {
          "color": "#223",
          "bgcolor": "#335",
          "groupcolor": "#88A"
        }
      },
      "widgets_values": [
        0,
        "fixed"
      ],
      "color": "#223",
      "bgcolor": "#335"
    },
    {
      "id": 325,
      "type": "StyleModelLoader",
      "pos": [
        -380,
        2000
      ],
      "size": [
        260,
        70
      ],
      "flags": {},
      "order": 4,
      "mode": 0,
      "inputs": [],
      "outputs": [
        {
          "label": "风格模型",
          "name": "STYLE_MODEL",
          "type": "STYLE_MODEL",
          "slot_index": 0,
          "links": [
            687
          ]
        }
      ],
      "properties": {
        "Node name for S&R": "StyleModelLoader"
      },
      "widgets_values": [
        "flux1-redux-dev.safetensors"
      ]
    },
    {
      "id": 322,
      "type": "CLIPVisionLoader",
      "pos": [
        -380,
        2170
      ],
      "size": [
        260,
        60
      ],
      "flags": {},
      "order": 5,
      "mode": 0,
      "inputs": [],
      "outputs": [
        {
          "label": "CLIP视觉",
          "name": "CLIP_VISION",
          "type": "CLIP_VISION",
          "slot_index": 0,
          "links": [
            685
          ]
        }
      ],
      "properties": {
        "Node name for S&R": "CLIPVisionLoader"
      },
      "widgets_values": [
        "sigclip_vision_patch14_384.safetensors"
      ]
    },
    {
      "id": 348,
      "type": "PulidFluxEvaClipLoader",
      "pos": [
        -360,
        2520
      ],
      "size": [
        230,
        30
      ],
      "flags": {},
      "order": 6,
      "mode": 0,
      "inputs": [],
      "outputs": [
        {
          "label": "EVA_CLIP",
          "name": "EVA_CLIP",
          "type": "EVA_CLIP",
          "links": [
            651
          ]
        }
      ],
      "properties": {
        "Node name for S&R": "PulidFluxEvaClipLoader"
      },
      "widgets_values": []
    },
    {
      "id": 364,
      "type": "UltralyticsDetectorProvider",
      "pos": [
        1440,
        2620
      ],
      "size": [
        340.20001220703125,
        78
      ],
      "flags": {},
      "order": 7,
      "mode": 0,
      "inputs": [],
      "outputs": [
        {
          "label": "BBox检测",
          "name": "BBOX_DETECTOR",
          "type": "BBOX_DETECTOR",
          "slot_index": 0,
          "links": [
            704
          ]
        },
        {
          "label": "SEGM检测",
          "name": "SEGM_DETECTOR",
          "type": "SEGM_DETECTOR",
          "links": null
        }
      ],
      "properties": {
        "Node name for S&R": "UltralyticsDetectorProvider",
        "ttNbgOverride": {
          "color": "#223",
          "bgcolor": "#335",
          "groupcolor": "#88A"
        }
      },
      "widgets_values": [
        "bbox/face_yolov8m.pt"
      ],
      "color": "#223",
      "bgcolor": "#335"
    },
    {
      "id": 366,
      "type": "PulidFluxModelLoader",
      "pos": [
        1050,
        3020
      ],
      "size": [
        315,
        58
      ],
      "flags": {},
      "order": 8,
      "mode": 0,
      "inputs": [],
      "outputs": [
        {
          "label": "PULIDFLUX",
          "name": "PULIDFLUX",
          "type": "PULIDFLUX",
          "slot_index": 0,
          "links": [
            691
          ]
        }
      ],
      "properties": {
        "Node name for S&R": "PulidFluxModelLoader",
        "ttNbgOverride": {
          "color": "#223",
          "bgcolor": "#335",
          "groupcolor": "#88A"
        }
      },
      "widgets_values": [
        "pulid_flux_v0.9.0.safetensors"
      ],
      "color": "#223",
      "bgcolor": "#335"
    },
    {
      "id": 367,
      "type": "InstantIDFaceAnalysis",
      "pos": [
        1050,
        3120
      ],
      "size": [
        315,
        58
      ],
      "flags": {},
      "order": 9,
      "mode": 0,
      "inputs": [],
      "outputs": [
        {
          "label": "面部分析",
          "name": "FACEANALYSIS",
          "type": "FACEANALYSIS",
          "links": [
            693
          ]
        }
      ],
      "properties": {
        "Node name for S&R": "InstantIDFaceAnalysis",
        "ttNbgOverride": {
          "color": "#223",
          "bgcolor": "#335",
          "groupcolor": "#88A"
        }
      },
      "widgets_values": [
        "CPU"
      ],
      "color": "#223",
      "bgcolor": "#335"
    },
    {
      "id": 382,
      "type": "Reroute",
      "pos": [
        740,
        3510
      ],
      "size": [
        75,
        26
      ],
      "flags": {},
      "order": 30,
      "mode": 0,
      "inputs": [
        {
          "name": "",
          "type": "*",
          "link": 710
        }
      ],
      "outputs": [
        {
          "name": "",
          "type": "CLIP",
          "slot_index": 0,
          "links": [
            712,
            713,
            714,
            715,
            716,
            717
          ]
        }
      ],
      "properties": {
        "showOutputText": false,
        "horizontal": false
      }
    },
    {
      "id": 383,
      "type": "Reroute",
      "pos": [
        740,
        3580
      ],
      "size": [
        75,
        26
      ],
      "flags": {},
      "order": 25,
      "mode": 0,
      "inputs": [
        {
          "name": "",
          "type": "*",
          "link": 709
        }
      ],
      "outputs": [
        {
          "name": "",
          "type": "VAE",
          "slot_index": 0,
          "links": [
            711,
            718
          ]
        }
      ],
      "properties": {
        "showOutputText": false,
        "horizontal": false
      }
    },
    {
      "id": 365,
      "type": "ApplyPulidFlux",
      "pos": [
        1050,
        2750
      ],
      "size": [
        315,
        206
      ],
      "flags": {},
      "order": 39,
      "mode": 0,
      "inputs": [
        {
          "label": "model",
          "name": "model",
          "type": "MODEL",
          "link": 707
        },
        {
          "label": "pulid_flux",
          "name": "pulid_flux",
          "type": "PULIDFLUX",
          "link": 691
        },
        {
          "label": "eva_clip",
          "name": "eva_clip",
          "type": "EVA_CLIP",
          "link": 692
        },
        {
          "label": "face_analysis",
          "name": "face_analysis",
          "type": "FACEANALYSIS",
          "link": 693
        },
        {
          "label": "image",
          "name": "image",
          "type": "IMAGE",
          "link": 722
        },
        {
          "label": "attn_mask",
          "name": "attn_mask",
          "shape": 7,
          "type": "MASK",
          "link": null
        }
      ],
      "outputs": [
        {
          "label": "MODEL",
          "name": "MODEL",
          "type": "MODEL",
          "slot_index": 0,
          "links": [
            701
          ]
        }
      ],
      "properties": {
        "Node name for S&R": "ApplyPulidFlux",
        "ttNbgOverride": {
          "color": "#223",
          "bgcolor": "#335",
          "groupcolor": "#88A"
        }
      },
      "widgets_values": [
        1,
        0,
        1
      ],
      "color": "#223",
      "bgcolor": "#335"
    },
    {
      "id": 349,
      "type": "InstantIDFaceAnalysis",
      "pos": [
        -360,
        2610
      ],
      "size": [
        220,
        70
      ],
      "flags": {},
      "order": 10,
      "mode": 0,
      "inputs": [],
      "outputs": [
        {
          "label": "面部分析",
          "name": "FACEANALYSIS",
          "type": "FACEANALYSIS",
          "slot_index": 0,
          "links": [
            720
          ]
        }
      ],
      "properties": {
        "Node name for S&R": "InstantIDFaceAnalysis"
      },
      "widgets_values": [
        "CUDA"
      ]
    },
    {
      "id": 375,
      "type": "CLIPTextEncodeFlux",
      "pos": [
        1390,
        3000
      ],
      "size": [
        400,
        200
      ],
      "flags": {
        "collapsed": true
      },
      "order": 36,
      "mode": 0,
      "inputs": [
        {
          "label": "CLIP",
          "name": "clip",
          "type": "CLIP",
          "link": 714
        }
      ],
      "outputs": [
        {
          "label": "条件",
          "name": "CONDITIONING",
          "type": "CONDITIONING",
          "slot_index": 0,
          "links": [
            703
          ]
        }
      ],
      "properties": {
        "Node name for S&R": "CLIPTextEncodeFlux",
        "ttNbgOverride": {
          "color": "#223",
          "bgcolor": "#335",
          "groupcolor": "#88A"
        }
      },
      "widgets_values": [
        "",
        "",
        3.5,
        [
          false,
          true
        ],
        [
          false,
          true
        ]
      ],
      "color": "#223",
      "bgcolor": "#335"
    },
    {
      "id": 381,
      "type": "Reroute",
      "pos": [
        740,
        3440
      ],
      "size": [
        75,
        26
      ],
      "flags": {},
      "order": 32,
      "mode": 0,
      "inputs": [
        {
          "name": "",
          "type": "*",
          "link": 706
        }
      ],
      "outputs": [
        {
          "name": "",
          "type": "MODEL",
          "slot_index": 0,
          "links": [
            707,
            719
          ]
        }
      ],
      "properties": {
        "showOutputText": false,
        "horizontal": false
      }
    },
    {
      "id": 346,
      "type": "ApplyPulidFlux",
      "pos": [
        -70,
        2430
      ],
      "size": [
        320,
        240
      ],
      "flags": {},
      "order": 31,
      "mode": 0,
      "inputs": [
        {
          "label": "model",
          "name": "model",
          "type": "MODEL",
          "link": 648
        },
        {
          "label": "pulid_flux",
          "name": "pulid_flux",
          "type": "PULIDFLUX",
          "link": 650
        },
        {
          "label": "eva_clip",
          "name": "eva_clip",
          "type": "EVA_CLIP",
          "link": 651
        },
        {
          "label": "face_analysis",
          "name": "face_analysis",
          "type": "FACEANALYSIS",
          "link": 720
        },
        {
          "label": "image",
          "name": "image",
          "type": "IMAGE",
          "link": 653
        },
        {
          "label": "attn_mask",
          "name": "attn_mask",
          "shape": 7,
          "type": "MASK",
          "link": null
        },
        {
          "label": "prior_image",
          "name": "prior_image",
          "shape": 7,
          "type": "IMAGE",
          "link": null
        }
      ],
      "outputs": [
        {
          "label": "MODEL",
          "name": "MODEL",
          "type": "MODEL",
          "slot_index": 0,
          "links": [
            649
          ]
        }
      ],
      "properties": {
        "Node name for S&R": "ApplyPulidFlux",
        "ttNbgOverride": {
          "color": "#223",
          "bgcolor": "#335",
          "groupcolor": "#88A"
        }
      },
      "widgets_values": [
        1,
        0,
        1
      ],
      "color": "#223",
      "bgcolor": "#335"
    },
    {
      "id": 309,
      "type": "VAEDecode",
      "pos": [
        -750,
        2010
      ],
      "size": [
        210,
        46
      ],
      "flags": {},
      "order": 56,
      "mode": 0,
      "inputs": [
        {
          "label": "Latent",
          "name": "samples",
          "type": "LATENT",
          "link": 590
        },
        {
          "label": "VAE",
          "name": "vae",
          "type": "VAE",
          "link": 591
        }
      ],
      "outputs": [
        {
          "label": "图像",
          "name": "IMAGE",
          "type": "IMAGE",
          "slot_index": 0,
          "links": [
            725,
            727
          ]
        }
      ],
      "properties": {
        "Node name for S&R": "VAEDecode",
        "ttNbgOverride": {
          "color": "#223",
          "bgcolor": "#335",
          "groupcolor": "#88A"
        }
      },
      "widgets_values": [],
      "color": "#223",
      "bgcolor": "#335"
    },
    {
      "id": 378,
      "type": "FaceDetailer",
      "pos": [
        1810,
        2600
      ],
      "size": [
        519,
        1125
      ],
      "flags": {},
      "order": 41,
      "mode": 0,
      "inputs": [
        {
          "label": "图像",
          "name": "image",
          "type": "IMAGE",
          "link": 748
        },
        {
          "label": "模型",
          "name": "model",
          "type": "MODEL",
          "link": 701
        },
        {
          "label": "CLIP",
          "name": "clip",
          "type": "CLIP",
          "link": 712
        },
        {
          "label": "VAE",
          "name": "vae",
          "type": "VAE",
          "link": 711
        },
        {
          "label": "正面条件",
          "name": "positive",
          "type": "CONDITIONING",
          "link": 702
        },
        {
          "label": "负面条件",
          "name": "negative",
          "type": "CONDITIONING",
          "link": 703
        },
        {
          "label": "BBox检测",
          "name": "bbox_detector",
          "type": "BBOX_DETECTOR",
          "link": 704
        },
        {
          "label": "SAM模型",
          "name": "sam_model_opt",
          "shape": 7,
          "type": "SAM_MODEL",
          "link": null
        },
        {
          "label": "Segm检测",
          "name": "segm_detector_opt",
          "shape": 7,
          "type": "SEGM_DETECTOR",
          "link": null
        },
        {
          "label": "细化约束",
          "name": "detailer_hook",
          "shape": 7,
          "type": "DETAILER_HOOK",
          "link": null
        },
        {
          "name": "scheduler_func_opt",
          "shape": 7,
          "type": "SCHEDULER_FUNC",
          "link": null
        }
      ],
      "outputs": [
        {
          "label": "图像",
          "name": "image",
          "type": "IMAGE",
          "slot_index": 0,
          "links": [
            697,
            724,
            729
          ]
        },
        {
          "label": "细化图像",
          "name": "cropped_refined",
          "shape": 6,
          "type": "IMAGE",
          "links": null
        },
        {
          "label": "细化部分",
          "name": "cropped_enhanced_alpha",
          "shape": 6,
          "type": "IMAGE",
          "links": null
        },
        {
          "label": "遮罩",
          "name": "mask",
          "type": "MASK",
          "links": null
        },
        {
          "label": "细化节点束",
          "name": "detailer_pipe",
          "type": "DETAILER_PIPE",
          "links": null
        },
        {
          "label": "ControlNet图像",
          "name": "cnet_images",
          "shape": 6,
          "type": "IMAGE",
          "links": null
        }
      ],
      "properties": {
        "Node name for S&R": "FaceDetailer",
        "ttNbgOverride": {
          "color": "#223",
          "bgcolor": "#335",
          "groupcolor": "#88A"
        }
      },
      "widgets_values": [
        512,
        true,
        1024,
        123,
        "fixed",
        20,
        1,
        "euler",
        "normal",
        0.5,
        5,
        true,
        true,
        0.5,
        10,
        3,
        "center-1",
        0,
        0.93,
        0,
        0.7,
        "False",
        10,
        "",
        1,
        false,
        20,
        true,
        false,
        [
          false,
          true
        ]
      ],
      "color": "#223",
      "bgcolor": "#335"
    },
    {
      "id": 370,
      "type": "UltralyticsDetectorProvider",
      "pos": [
        2680,
        2610
      ],
      "size": [
        340.20001220703125,
        78
      ],
      "flags": {},
      "order": 11,
      "mode": 0,
      "inputs": [],
      "outputs": [
        {
          "label": "BBox检测",
          "name": "BBOX_DETECTOR",
          "type": "BBOX_DETECTOR",
          "slot_index": 0,
          "links": [
            700
          ]
        },
        {
          "label": "SEGM检测",
          "name": "SEGM_DETECTOR",
          "type": "SEGM_DETECTOR",
          "slot_index": 1,
          "links": []
        }
      ],
      "properties": {
        "Node name for S&R": "UltralyticsDetectorProvider",
        "ttNbgOverride": {
          "color": "#223",
          "bgcolor": "#335",
          "groupcolor": "#88A"
        }
      },
      "widgets_values": [
        "bbox/hand_yolov8s.pt"
      ],
      "color": "#223",
      "bgcolor": "#335"
    },
    {
      "id": 304,
      "type": "CLIPTextEncodeFlux",
      "pos": [
        -1240,
        2150
      ],
      "size": [
        404.51202392578125,
        166
      ],
      "flags": {},
      "order": 51,
      "mode": 0,
      "inputs": [
        {
          "label": "CLIP",
          "name": "clip",
          "type": "CLIP",
          "link": 579
        },
        {
          "label": "CLIP_L",
          "name": "clip_l",
          "type": "STRING",
          "widget": {
            "name": "clip_l"
          },
          "link": 733
        },
        {
          "label": "T5XXL",
          "name": "t5xxl",
          "type": "STRING",
          "widget": {
            "name": "t5xxl"
          },
          "link": 734
        }
      ],
      "outputs": [
        {
          "label": "条件",
          "name": "CONDITIONING",
          "type": "CONDITIONING",
          "slot_index": 0,
          "links": [
            686
          ]
        }
      ],
      "properties": {
        "Node name for S&R": "CLIPTextEncodeFlux",
        "ttNbgOverride": {
          "color": "#223",
          "bgcolor": "#335",
          "groupcolor": "#88A"
        }
      },
      "widgets_values": [
        "",
        "",
        3.5,
        [
          false,
          true
        ],
        [
          false,
          true
        ]
      ],
      "color": "#223",
      "bgcolor": "#335"
    },
    {
      "id": 373,
      "type": "PreviewImage",
      "pos": [
        1060,
        1910
      ],
      "size": [
        468.404296875,
        609.763671875
      ],
      "flags": {},
      "order": 27,
      "mode": 0,
      "inputs": [
        {
          "label": "图像",
          "name": "images",
          "type": "IMAGE",
          "link": 721
        }
      ],
      "outputs": [],
      "properties": {
        "Node name for S&R": "PreviewImage",
        "ttNbgOverride": {
          "color": "#223",
          "bgcolor": "#335",
          "groupcolor": "#88A"
        }
      },
      "widgets_values": [],
      "color": "#223",
      "bgcolor": "#335"
    },
    {
      "id": 372,
      "type": "CLIPTextEncodeFlux",
      "pos": [
        2360,
        2980
      ],
      "size": [
        400,
        200
      ],
      "flags": {
        "collapsed": true
      },
      "order": 38,
      "mode": 0,
      "inputs": [
        {
          "label": "CLIP",
          "name": "clip",
          "type": "CLIP",
          "link": 716
        }
      ],
      "outputs": [
        {
          "label": "条件",
          "name": "CONDITIONING",
          "type": "CONDITIONING",
          "slot_index": 0,
          "links": [
            699
          ]
        }
      ],
      "properties": {
        "Node name for S&R": "CLIPTextEncodeFlux",
        "ttNbgOverride": {
          "color": "#223",
          "bgcolor": "#335",
          "groupcolor": "#88A"
        }
      },
      "widgets_values": [
        "",
        "",
        3.5,
        [
          false,
          true
        ],
        [
          false,
          true
        ]
      ],
      "color": "#223",
      "bgcolor": "#335"
    },
    {
      "id": 376,
      "type": "FaceDetailer",
      "pos": [
        3070,
        2600
      ],
      "size": [
        519,
        1125
      ],
      "flags": {},
      "order": 43,
      "mode": 0,
      "inputs": [
        {
          "label": "图像",
          "name": "image",
          "type": "IMAGE",
          "link": 697
        },
        {
          "label": "模型",
          "name": "model",
          "type": "MODEL",
          "link": 719
        },
        {
          "label": "CLIP",
          "name": "clip",
          "type": "CLIP",
          "link": 717
        },
        {
          "label": "VAE",
          "name": "vae",
          "type": "VAE",
          "link": 718
        },
        {
          "label": "正面条件",
          "name": "positive",
          "type": "CONDITIONING",
          "link": 698
        },
        {
          "label": "负面条件",
          "name": "negative",
          "type": "CONDITIONING",
          "link": 699
        },
        {
          "label": "BBox检测",
          "name": "bbox_detector",
          "type": "BBOX_DETECTOR",
          "link": 700
        },
        {
          "label": "SAM模型",
          "name": "sam_model_opt",
          "shape": 7,
          "type": "SAM_MODEL",
          "link": null
        },
        {
          "label": "Segm检测",
          "name": "segm_detector_opt",
          "shape": 7,
          "type": "SEGM_DETECTOR",
          "link": null
        },
        {
          "label": "细化约束",
          "name": "detailer_hook",
          "shape": 7,
          "type": "DETAILER_HOOK",
          "link": null
        },
        {
          "name": "scheduler_func_opt",
          "shape": 7,
          "type": "SCHEDULER_FUNC",
          "link": null
        }
      ],
      "outputs": [
        {
          "label": "图像",
          "name": "image",
          "type": "IMAGE",
          "slot_index": 0,
          "links": [
            705
          ]
        },
        {
          "label": "细化图像",
          "name": "cropped_refined",
          "shape": 6,
          "type": "IMAGE",
          "links": null
        },
        {
          "label": "细化部分",
          "name": "cropped_enhanced_alpha",
          "shape": 6,
          "type": "IMAGE",
          "links": null
        },
        {
          "label": "遮罩",
          "name": "mask",
          "type": "MASK",
          "links": null
        },
        {
          "label": "细化节点束",
          "name": "detailer_pipe",
          "type": "DETAILER_PIPE",
          "links": null
        },
        {
          "label": "ControlNet图像",
          "name": "cnet_images",
          "shape": 6,
          "type": "IMAGE",
          "links": null
        }
      ],
      "properties": {
        "Node name for S&R": "FaceDetailer",
        "ttNbgOverride": {
          "color": "#223",
          "bgcolor": "#335",
          "groupcolor": "#88A"
        }
      },
      "widgets_values": [
        512,
        true,
        1024,
        123,
        "fixed",
        20,
        1,
        "euler",
        "normal",
        0.6,
        5,
        true,
        true,
        0.5,
        10,
        3,
        "center-1",
        0,
        0.93,
        0,
        0.7,
        "False",
        10,
        "",
        1,
        false,
        20,
        true,
        false,
        [
          false,
          true
        ]
      ],
      "color": "#223",
      "bgcolor": "#335"
    },
    {
      "id": 394,
      "type": "ControlNetLoader",
      "pos": [
        670,
        2090
      ],
      "size": [
        310,
        58
      ],
      "flags": {},
      "order": 12,
      "mode": 4,
      "inputs": [],
      "outputs": [
        {
          "label": "ControlNet",
          "name": "CONTROL_NET",
          "type": "CONTROL_NET",
          "slot_index": 0,
          "links": [
            735
          ]
        }
      ],
      "properties": {
        "Node name for S&R": "ControlNetLoader",
        "ttNbgOverride": {
          "color": "#223",
          "bgcolor": "#335",
          "groupcolor": "#88A"
        }
      },
      "widgets_values": [
        "Flux\\raulc0399flux_dev_openpose_controlnet.safetensors"
      ],
      "color": "#223",
      "bgcolor": "#335"
    },
    {
      "id": 300,
      "type": "VAELoader",
      "pos": [
        -1620,
        2620
      ],
      "size": [
        315,
        58
      ],
      "flags": {},
      "order": 13,
      "mode": 0,
      "inputs": [],
      "outputs": [
        {
          "name": "VAE",
          "type": "VAE",
          "slot_index": 0,
          "links": [
            578,
            587,
            591,
            709,
            742
          ]
        }
      ],
      "properties": {
        "Node name for S&R": "VAELoader",
        "ttNbgOverride": {
          "color": "#223",
          "bgcolor": "#335",
          "groupcolor": "#88A"
        }
      },
      "widgets_values": [
        "Flux\\ae.sft"
      ],
      "color": "#223",
      "bgcolor": "#335"
    },
    {
      "id": 393,
      "type": "ControlNetApplySD3",
      "pos": [
        670,
        2250
      ],
      "size": [
        315,
        186
      ],
      "flags": {},
      "order": 54,
      "mode": 4,
      "inputs": [
        {
          "label": "正面条件",
          "name": "positive",
          "type": "CONDITIONING",
          "link": 738
        },
        {
          "label": "负面条件",
          "name": "negative",
          "type": "CONDITIONING",
          "link": 739
        },
        {
          "label": "ControlNet",
          "name": "control_net",
          "type": "CONTROL_NET",
          "link": 735
        },
        {
          "label": "VAE",
          "name": "vae",
          "type": "VAE",
          "link": 742
        },
        {
          "label": "图像",
          "name": "image",
          "type": "IMAGE",
          "link": 743
        }
      ],
      "outputs": [
        {
          "label": "正面条件",
          "name": "positive",
          "type": "CONDITIONING",
          "slot_index": 0,
          "links": [
            740
          ]
        },
        {
          "label": "负面条件",
          "name": "negative",
          "type": "CONDITIONING",
          "slot_index": 1,
          "links": [
            741
          ]
        }
      ],
      "properties": {
        "Node name for S&R": "ControlNetApplySD3",
        "ttNbgOverride": {
          "color": "#223",
          "bgcolor": "#335",
          "groupcolor": "#88A"
        }
      },
      "widgets_values": [
        0.8,
        0,
        0.8
      ],
      "color": "#223",
      "bgcolor": "#335"
    },
    {
      "id": 357,
      "type": "ConstrainImage|pysssss",
      "pos": [
        -2440,
        2250
      ],
      "size": [
        315,
        154
      ],
      "flags": {
        "collapsed": false
      },
      "order": 40,
      "mode": 0,
      "inputs": [
        {
          "label": "图像",
          "name": "images",
          "type": "IMAGE",
          "link": 676
        }
      ],
      "outputs": [
        {
          "label": "图像",
          "name": "IMAGE",
          "shape": 6,
          "type": "IMAGE",
          "slot_index": 0,
          "links": [
            677
          ]
        }
      ],
      "properties": {
        "Node name for S&R": "ConstrainImage|pysssss"
      },
      "widgets_values": [
        1024,
        1024,
        0,
        0,
        "no"
      ]
    },
    {
      "id": 352,
      "type": "Fast Groups Bypasser (rgthree)",
      "pos": [
        -2790,
        1570
      ],
      "size": [
        280,
        226
      ],
      "flags": {},
      "order": 14,
      "mode": 0,
      "inputs": [],
      "outputs": [
        {
          "label": "可选连接",
          "name": "OPT_CONNECTION",
          "type": "*",
          "links": null
        }
      ],
      "properties": {
        "matchColors": "",
        "matchTitle": "",
        "showNav": true,
        "sort": "position",
        "customSortAlphabet": "",
        "toggleRestriction": "default"
      },
      "color": "#af3535"
    },
    {
      "id": 396,
      "type": "LoadImage",
      "pos": [
        -2790,
        3910
      ],
      "size": [
        315,
        314
      ],
      "flags": {},
      "order": 15,
      "mode": 4,
      "inputs": [],
      "outputs": [
        {
          "label": "图像",
          "name": "IMAGE",
          "type": "IMAGE",
          "links": [
            736
          ]
        },
        {
          "label": "遮罩",
          "name": "MASK",
          "type": "MASK",
          "links": null
        }
      ],
      "properties": {
        "Node name for S&R": "LoadImage"
      },
      "widgets_values": [
        "MICKMUMPITZ_POSE_SHEET.png",
        "image"
      ]
    },
    {
      "id": 395,
      "type": "OpenposePreprocessor",
      "pos": [
        -2450,
        3910
      ],
      "size": [
        315,
        174
      ],
      "flags": {},
      "order": 26,
      "mode": 4,
      "inputs": [
        {
          "label": "图像",
          "name": "image",
          "type": "IMAGE",
          "link": 736
        }
      ],
      "outputs": [
        {
          "label": "图像",
          "name": "IMAGE",
          "type": "IMAGE",
          "slot_index": 0,
          "links": [
            737,
            743
          ]
        },
        {
          "label": "姿态关键点",
          "name": "POSE_KEYPOINT",
          "type": "POSE_KEYPOINT",
          "links": null
        }
      ],
      "properties": {
        "Node name for S&R": "OpenposePreprocessor"
      },
      "widgets_values": [
        "enable",
        "enable",
        "enable",
        1024,
        "disable"
      ]
    },
    {
      "id": 397,
      "type": "PreviewImage",
      "pos": [
        -2110,
        3910
      ],
      "size": [
        210,
        246
      ],
      "flags": {},
      "order": 34,
      "mode": 4,
      "inputs": [
        {
          "label": "图像",
          "name": "images",
          "type": "IMAGE",
          "link": 737
        }
      ],
      "outputs": [],
      "properties": {
        "Node name for S&R": "PreviewImage"
      },
      "widgets_values": []
    },
    {
      "id": 317,
      "type": "WD14Tagger|pysssss",
      "pos": [
        -2040,
        1980
      ],
      "size": [
        350,
        700
      ],
      "flags": {},
      "order": 47,
      "mode": 0,
      "inputs": [
        {
          "label": "图像",
          "name": "image",
          "type": "IMAGE",
          "link": 669
        }
      ],
      "outputs": [
        {
          "label": "字符串",
          "name": "STRING",
          "shape": 6,
          "type": "STRING",
          "slot_index": 0,
          "links": [
            606
          ]
        }
      ],
      "properties": {
        "Node name for S&R": "WD14Tagger|pysssss",
        "ttNbgOverride": {
          "color": "#223",
          "bgcolor": "#335",
          "groupcolor": "#88A"
        }
      },
      "widgets_values": [
        "wd-v1-4-moat-tagger-v2",
        0.35,
        0.85,
        false,
        false,
        ""
      ],
      "color": "#223",
      "bgcolor": "#335"
    },
    {
      "id": 301,
      "type": "KSampler",
      "pos": [
        -800,
        2330
      ],
      "size": [
        320,
        270
      ],
      "flags": {},
      "order": 55,
      "mode": 0,
      "inputs": [
        {
          "label": "模型",
          "name": "model",
          "type": "MODEL",
          "link": 649
        },
        {
          "label": "正面条件",
          "name": "positive",
          "type": "CONDITIONING",
          "link": 740
        },
        {
          "label": "负面条件",
          "name": "negative",
          "type": "CONDITIONING",
          "link": 741
        },
        {
          "label": "Latent",
          "name": "latent_image",
          "type": "LATENT",
          "link": 588
        }
      ],
      "outputs": [
        {
          "label": "Latent",
          "name": "LATENT",
          "type": "LATENT",
          "slot_index": 0,
          "links": [
            590
          ]
        }
      ],
      "properties": {
        "Node name for S&R": "KSampler",
        "ttNbgOverride": {
          "color": "#223",
          "bgcolor": "#335",
          "groupcolor": "#88A"
        }
      },
      "widgets_values": [
        738872002440406,
        "randomize",
        30,
        1,
        "euler",
        "normal",
        1
      ],
      "color": "#223",
      "bgcolor": "#335"
    },
    {
      "id": 326,
      "type": "LoadImage",
      "pos": [
        -2800,
        2790
      ],
      "size": [
        1000,
        1030
      ],
      "flags": {},
      "order": 16,
      "mode": 0,
      "inputs": [],
      "outputs": [
        {
          "label": "图像",
          "name": "IMAGE",
          "type": "IMAGE",
          "slot_index": 0,
          "links": [
            653,
            688,
            721,
            722
          ]
        },
        {
          "label": "遮罩",
          "name": "MASK",
          "type": "MASK",
          "links": null
        }
      ],
      "properties": {
        "Node name for S&R": "LoadImage"
      },
      "widgets_values": [
        "星眸少年_00077_.png",
        "image"
      ]
    },
    {
      "id": 401,
      "type": "PrimitiveNode",
      "pos": [
        1120,
        3330
      ],
      "size": [
        274.2895812988281,
        82
      ],
      "flags": {},
      "order": 17,
      "mode": 0,
      "inputs": [],
      "outputs": [
        {
          "name": "INT",
          "type": "INT",
          "widget": {
            "name": "start_index"
          },
          "slot_index": 0,
          "links": [
            747
          ]
        }
      ],
      "properties": {
        "Run widget replace on values": false,
        "ttNbgOverride": {
          "color": "#223",
          "bgcolor": "#335",
          "groupcolor": "#88A"
        }
      },
      "widgets_values": [
        0,
        "fixed"
      ],
      "color": "#223",
      "bgcolor": "#335"
    },
    {
      "id": 400,
      "type": "LoadImageListFromDir //Inspire",
      "pos": [
        1110,
        3490
      ],
      "size": [
        290,
        170
      ],
      "flags": {},
      "order": 28,
      "mode": 0,
      "inputs": [
        {
          "label": "起始索引",
          "name": "start_index",
          "shape": 7,
          "type": "INT",
          "widget": {
            "name": "start_index"
          },
          "link": 747
        }
      ],
      "outputs": [
        {
          "label": "图像",
          "name": "IMAGE",
          "shape": 6,
          "type": "IMAGE",
          "slot_index": 0,
          "links": [
            748
          ]
        },
        {
          "label": "遮罩",
          "name": "MASK",
          "shape": 6,
          "type": "MASK",
          "links": null
        },
        {
          "name": "FILE PATH",
          "shape": 6,
          "type": "STRING",
          "links": null
        }
      ],
      "properties": {
        "Node name for S&R": "LoadImageListFromDir //Inspire",
        "ttNbgOverride": {
          "color": "#223",
          "bgcolor": "#335",
          "groupcolor": "#88A"
        }
      },
      "widgets_values": [
        "E:\\1_ComfyUI\\4 ComfyUI_Max\\ComfyUI_Mie_V4.0\\ComfyUI_Mie_V4.0\\ComfyUI\\output\\消融实验\\13职场女性\\3六视图高清",
        19,
        0,
        false
      ],
      "color": "#223",
      "bgcolor": "#335"
    },
    {
      "id": 374,
      "type": "CLIPTextEncodeFlux",
      "pos": [
        1390,
        2750
      ],
      "size": [
        400,
        200
      ],
      "flags": {},
      "order": 35,
      "mode": 0,
      "inputs": [
        {
          "label": "CLIP",
          "name": "clip",
          "type": "CLIP",
          "link": 713
        }
      ],
      "outputs": [
        {
          "label": "条件",
          "name": "CONDITIONING",
          "type": "CONDITIONING",
          "slot_index": 0,
          "links": [
            702
          ]
        }
      ],
      "properties": {
        "Node name for S&R": "CLIPTextEncodeFlux",
        "ttNbgOverride": {
          "color": "#223",
          "bgcolor": "#335",
          "groupcolor": "#88A"
        }
      },
      "widgets_values": [
        "a beautiful face",
        "a beautiful face",
        3.5,
        [
          false,
          true
        ],
        [
          false,
          true
        ]
      ],
      "color": "#223",
      "bgcolor": "#335"
    },
    {
      "id": 371,
      "type": "CLIPTextEncodeFlux",
      "pos": [
        2640,
        2770
      ],
      "size": [
        400,
        200
      ],
      "flags": {},
      "order": 37,
      "mode": 0,
      "inputs": [
        {
          "label": "CLIP",
          "name": "clip",
          "type": "CLIP",
          "link": 715
        }
      ],
      "outputs": [
        {
          "label": "条件",
          "name": "CONDITIONING",
          "type": "CONDITIONING",
          "slot_index": 0,
          "links": [
            698
          ]
        }
      ],
      "properties": {
        "Node name for S&R": "CLIPTextEncodeFlux",
        "ttNbgOverride": {
          "color": "#223",
          "bgcolor": "#335",
          "groupcolor": "#88A"
        }
      },
      "widgets_values": [
        " girl hand",
        " girl hand",
        3.5,
        [
          false,
          true
        ],
        [
          false,
          true
        ]
      ],
      "color": "#223",
      "bgcolor": "#335"
    },
    {
      "id": 368,
      "type": "PulidFluxEvaClipLoader",
      "pos": [
        1110,
        3240
      ],
      "size": [
        223.0939483642578,
        26
      ],
      "flags": {},
      "order": 18,
      "mode": 0,
      "inputs": [],
      "outputs": [
        {
          "label": "EVA_CLIP",
          "name": "EVA_CLIP",
          "type": "EVA_CLIP",
          "links": [
            692
          ]
        }
      ],
      "properties": {
        "Node name for S&R": "PulidFluxEvaClipLoader",
        "ttNbgOverride": {
          "color": "#223",
          "bgcolor": "#335",
          "groupcolor": "#88A"
        }
      },
      "widgets_values": [],
      "color": "#223",
      "bgcolor": "#335"
    },
    {
      "id": 384,
      "type": "PreviewImage",
      "pos": [
        1540,
        1910
      ],
      "size": [
        880,
        610
      ],
      "flags": {},
      "order": 44,
      "mode": 0,
      "inputs": [
        {
          "label": "图像",
          "name": "images",
          "type": "IMAGE",
          "link": 724
        }
      ],
      "outputs": [],
      "properties": {
        "Node name for S&R": "PreviewImage"
      },
      "widgets_values": []
    },
    {
      "id": 379,
      "type": "SaveImage",
      "pos": [
        3000,
        1910
      ],
      "size": [
        880,
        630
      ],
      "flags": {},
      "order": 48,
      "mode": 0,
      "inputs": [
        {
          "label": "图像",
          "name": "images",
          "type": "IMAGE",
          "link": 705
        }
      ],
      "outputs": [],
      "properties": {
        "Node name for S&R": "SaveImage",
        "ttNbgOverride": {
          "color": "#223",
          "bgcolor": "#335",
          "groupcolor": "#88A"
        }
      },
      "widgets_values": [
        "消融实验\\13职场女性\\手脸修复"
      ],
      "color": "#223",
      "bgcolor": "#335"
    },
    {
      "id": 388,
      "type": "SaveImage",
      "pos": [
        2430,
        1910
      ],
      "size": [
        560,
        330
      ],
      "flags": {},
      "order": 45,
      "mode": 0,
      "inputs": [
        {
          "label": "图像",
          "name": "images",
          "type": "IMAGE",
          "link": 729
        }
      ],
      "outputs": [],
      "properties": {
        "Node name for S&R": "SaveImage"
      },
      "widgets_values": [
        "消融实验\\13职场女性\\手脸修复"
      ]
    },
    {
      "id": 356,
      "type": "ImageScaleBy",
      "pos": [
        -2430,
        2080
      ],
      "size": [
        315,
        82
      ],
      "flags": {
        "collapsed": false
      },
      "order": 33,
      "mode": 0,
      "inputs": [
        {
          "label": "图像",
          "name": "image",
          "type": "IMAGE",
          "link": 765
        }
      ],
      "outputs": [
        {
          "label": "图像",
          "name": "IMAGE",
          "type": "IMAGE",
          "slot_index": 0,
          "links": [
            676
          ]
        }
      ],
      "properties": {
        "Node name for S&R": "ImageScaleBy"
      },
      "widgets_values": [
        "bilinear",
        2
      ]
    },
    {
      "id": 299,
      "type": "DualCLIPLoader",
      "pos": [
        -1620,
        2170
      ],
      "size": [
        315,
        130
      ],
      "flags": {},
      "order": 19,
      "mode": 0,
      "inputs": [],
      "outputs": [
        {
          "label": "CLIP",
          "name": "CLIP",
          "type": "CLIP",
          "slot_index": 0,
          "links": [
            579,
            580,
            710
          ]
        }
      ],
      "properties": {
        "Node name for S&R": "DualCLIPLoader",
        "ttNbgOverride": {
          "color": "#223",
          "bgcolor": "#335",
          "groupcolor": "#88A"
        }
      },
      "widgets_values": [
        "clip_l.safetensors",
        "t5xxl_fp8_e4m3fn.safetensors",
        "flux",
        "default"
      ],
      "color": "#223",
      "bgcolor": "#335"
    },
    {
      "id": 298,
      "type": "UNETLoader",
      "pos": [
        -1620,
        2000
      ],
      "size": [
        315,
        82
      ],
      "flags": {},
      "order": 20,
      "mode": 0,
      "inputs": [],
      "outputs": [
        {
          "label": "模型",
          "name": "MODEL",
          "type": "MODEL",
          "slot_index": 0,
          "links": [
            648,
            706
          ]
        }
      ],
      "properties": {
        "Node name for S&R": "UNETLoader",
        "ttNbgOverride": {
          "color": "#223",
          "bgcolor": "#335",
          "groupcolor": "#88A"
        }
      },
      "widgets_values": [
        "flux1-dev-fp8.safetensors",
        "fp8_e4m3fn_fast"
      ],
      "color": "#223",
      "bgcolor": "#335"
    },
    {
      "id": 361,
      "type": "workflow>Redux风格模型应用",
      "pos": [
        -80,
        2030
      ],
      "size": [
        315,
        166
      ],
      "flags": {},
      "order": 52,
      "mode": 0,
      "inputs": [
        {
          "label": "CLIP视觉",
          "name": "CLIP视觉",
          "type": "CLIP_VISION",
          "link": 685
        },
        {
          "label": "图像",
          "name": "图像",
          "type": "IMAGE",
          "link": 688
        },
        {
          "label": "条件",
          "name": "条件",
          "type": "CONDITIONING",
          "link": 686
        },
        {
          "label": "风格模型",
          "name": "风格模型",
          "type": "STYLE_MODEL",
          "link": 687
        }
      ],
      "outputs": [
        {
          "label": "条件",
          "name": "条件",
          "type": "CONDITIONING",
          "links": [
            684
          ]
        }
      ],
      "properties": {
        "Node name for S&R": "workflow>Redux风格模型应用"
      },
      "widgets_values": [
        "center",
        0.8,
        "attn_bias"
      ]
    },
    {
      "id": 305,
      "type": "CLIPTextEncodeFlux",
      "pos": [
        -1110,
        2370
      ],
      "size": [
        400,
        200
      ],
      "flags": {
        "collapsed": true
      },
      "order": 29,
      "mode": 0,
      "inputs": [
        {
          "label": "CLIP",
          "name": "clip",
          "type": "CLIP",
          "link": 580
        }
      ],
      "outputs": [
        {
          "label": "条件",
          "name": "CONDITIONING",
          "type": "CONDITIONING",
          "slot_index": 0,
          "links": [
            582
          ]
        }
      ],
      "properties": {
        "Node name for S&R": "CLIPTextEncodeFlux",
        "ttNbgOverride": {
          "color": "#223",
          "bgcolor": "#335",
          "groupcolor": "#88A"
        }
      },
      "widgets_values": [
        "",
        "",
        3.5,
        [
          false,
          true
        ],
        [
          false,
          true
        ]
      ],
      "color": "#223",
      "bgcolor": "#335"
    },
    {
      "id": 392,
      "type": "DF_Text_Box",
      "pos": [
        -1620,
        2360
      ],
      "size": [
        400,
        200
      ],
      "flags": {},
      "order": 50,
      "mode": 0,
      "inputs": [
        {
          "label": "Text",
          "name": "Text",
          "type": "STRING",
          "widget": {
            "name": "Text"
          },
          "link": 757
        }
      ],
      "outputs": [
        {
          "label": "STRING",
          "name": "STRING",
          "type": "STRING",
          "slot_index": 0,
          "links": [
            733,
            734
          ]
        }
      ],
      "properties": {
        "Node name for S&R": "DF_Text_Box"
      },
      "widgets_values": [
        "Back, back image, back view, Back, back of a person, back view, solo, simple_background, brown_hair, shirt, 1boy, jewelry, standing, full_body, short_sleeves, male_focus, shoes, pants, necklace, from_behind, outstretched_arms, blue_shirt, black_background, sneakers, child, spread_arms, facing_away, male_child",
        [
          false,
          true
        ]
      ]
    },
    {
      "id": 303,
      "type": "ControlNetApplySD3",
      "pos": [
        320,
        2270
      ],
      "size": [
        315,
        186
      ],
      "flags": {},
      "order": 53,
      "mode": 0,
      "inputs": [
        {
          "label": "正面条件",
          "name": "positive",
          "type": "CONDITIONING",
          "link": 684
        },
        {
          "label": "负面条件",
          "name": "negative",
          "type": "CONDITIONING",
          "link": 582
        },
        {
          "label": "ControlNet",
          "name": "control_net",
          "type": "CONTROL_NET",
          "link": 576
        },
        {
          "label": "VAE",
          "name": "vae",
          "type": "VAE",
          "link": 578
        },
        {
          "label": "图像",
          "name": "image",
          "type": "IMAGE",
          "link": 667
        }
      ],
      "outputs": [
        {
          "label": "正面条件",
          "name": "positive",
          "type": "CONDITIONING",
          "slot_index": 0,
          "links": [
            738
          ]
        },
        {
          "label": "负面条件",
          "name": "negative",
          "type": "CONDITIONING",
          "slot_index": 1,
          "links": [
            739
          ]
        }
      ],
      "properties": {
        "Node name for S&R": "ControlNetApplySD3",
        "ttNbgOverride": {
          "color": "#223",
          "bgcolor": "#335",
          "groupcolor": "#88A"
        }
      },
      "widgets_values": [
        0.8,
        0,
        0.8
      ],
      "color": "#223",
      "bgcolor": "#335"
    },
    {
      "id": 319,
      "type": "easy promptConcat",
      "pos": [
        -2440,
        2470
      ],
      "size": [
        315,
        106
      ],
      "flags": {},
      "order": 49,
      "mode": 0,
      "inputs": [
        {
          "label": "提示词1",
          "name": "prompt1",
          "shape": 7,
          "type": "STRING",
          "link": 605
        },
        {
          "label": "提示词2",
          "name": "prompt2",
          "shape": 7,
          "type": "STRING",
          "link": 606
        }
      ],
      "outputs": [
        {
          "label": "提示词",
          "name": "prompt",
          "type": "STRING",
          "slot_index": 0,
          "links": [
            757
          ]
        }
      ],
      "properties": {
        "Node name for S&R": "easy promptConcat"
      },
      "widgets_values": [
        ","
      ],
      "color": "#233",
      "bgcolor": "#355"
    },
    {
      "id": 315,
      "type": "LoadImageListFromDir //Inspire",
      "pos": [
        -2780,
        2220
      ],
      "size": [
        290,
        170
      ],
      "flags": {},
      "order": 24,
      "mode": 0,
      "inputs": [
        {
          "label": "起始索引",
          "name": "start_index",
          "shape": 7,
          "type": "INT",
          "widget": {
            "name": "start_index"
          },
          "link": 601
        }
      ],
      "outputs": [
        {
          "label": "图像",
          "name": "IMAGE",
          "shape": 6,
          "type": "IMAGE",
          "slot_index": 0,
          "links": []
        },
        {
          "label": "遮罩",
          "name": "MASK",
          "shape": 6,
          "type": "MASK",
          "links": null
        },
        {
          "name": "FILE PATH",
          "shape": 6,
          "type": "STRING",
          "links": null
        }
      ],
      "properties": {
        "Node name for S&R": "LoadImageListFromDir //Inspire",
        "ttNbgOverride": {
          "color": "#223",
          "bgcolor": "#335",
          "groupcolor": "#88A"
        }
      },
      "widgets_values": [
        "E:\\1_ComfyUI\\4 ComfyUI_Max\\ComfyUI_Mie_V4.0\\ComfyUI_Mie_V4.0\\ComfyUI\\output\\消融实验\\12火少女\\2表情",
        20,
        0,
        false
      ],
      "color": "#223",
      "bgcolor": "#335"
    },
    {
      "id": 385,
      "type": "PreviewImage",
      "pos": [
        -1790,
        2790
      ],
      "size": [
        1500,
        1030
      ],
      "flags": {},
      "order": 57,
      "mode": 0,
      "inputs": [
        {
          "label": "图像",
          "name": "images",
          "type": "IMAGE",
          "link": 725
        }
      ],
      "outputs": [],
      "properties": {
        "Node name for S&R": "PreviewImage"
      },
      "widgets_values": []
    },
    {
      "id": 386,
      "type": "SaveImage",
      "pos": [
        -280,
        2790
      ],
      "size": [
        490,
        370
      ],
      "flags": {},
      "order": 58,
      "mode": 0,
      "inputs": [
        {
          "label": "图像",
          "name": "images",
          "type": "IMAGE",
          "link": 727
        }
      ],
      "outputs": [],
      "properties": {
        "Node name for S&R": "SaveImage"
      },
      "widgets_values": [
        "消融实验\\12火少女\\表情"
      ]
    },
    {
      "id": 353,
      "type": "Fast Groups Bypasser (rgthree)",
      "pos": [
        -1640,
        1570
      ],
      "size": [
        280,
        226
      ],
      "flags": {},
      "order": 21,
      "mode": 0,
      "inputs": [],
      "outputs": [
        {
          "label": "可选连接",
          "name": "OPT_CONNECTION",
          "type": "*",
          "links": null
        }
      ],
      "properties": {
        "matchColors": "",
        "matchTitle": "",
        "showNav": true,
        "sort": "position",
        "customSortAlphabet": "",
        "toggleRestriction": "default"
      },
      "color": "#af3535"
    },
    {
      "id": 354,
      "type": "Fast Groups Bypasser (rgthree)",
      "pos": [
        -400,
        1570
      ],
      "size": [
        280,
        226
      ],
      "flags": {},
      "order": 22,
      "mode": 0,
      "inputs": [],
      "outputs": [
        {
          "label": "可选连接",
          "name": "OPT_CONNECTION",
          "type": "*",
          "links": null
        }
      ],
      "properties": {
        "matchColors": "",
        "matchTitle": "",
        "showNav": true,
        "sort": "position",
        "customSortAlphabet": "",
        "toggleRestriction": "default"
      },
      "color": "#af3535"
    },
    {
      "id": 390,
      "type": "LoadImage",
      "pos": [
        -3150,
        1900
      ],
      "size": [
        315,
        314
      ],
      "flags": {},
      "order": 23,
      "mode": 0,
      "inputs": [],
      "outputs": [
        {
          "label": "图像",
          "name": "IMAGE",
          "type": "IMAGE",
          "slot_index": 0,
          "links": [
            765
          ]
        },
        {
          "label": "遮罩",
          "name": "MASK",
          "type": "MASK",
          "links": null
        }
      ],
      "properties": {
        "Node name for S&R": "LoadImage"
      },
      "widgets_values": [
        "biaoqing_00001_.png",
        "image"
      ]
    }
  ],
  "links": [
    [
      576,
      302,
      0,
      303,
      2,
      "CONTROL_NET"
    ],
    [
      578,
      300,
      0,
      303,
      3,
      "VAE"
    ],
    [
      579,
      299,
      0,
      304,
      0,
      "CLIP"
    ],
    [
      580,
      299,
      0,
      305,
      0,
      "CLIP"
    ],
    [
      582,
      305,
      0,
      303,
      1,
      "CONDITIONING"
    ],
    [
      587,
      300,
      0,
      306,
      1,
      "VAE"
    ],
    [
      588,
      306,
      0,
      301,
      3,
      "LATENT"
    ],
    [
      590,
      301,
      0,
      309,
      0,
      "LATENT"
    ],
    [
      591,
      300,
      0,
      309,
      1,
      "VAE"
    ],
    [
      601,
      316,
      0,
      315,
      0,
      "INT"
    ],
    [
      605,
      318,
      0,
      319,
      0,
      "STRING"
    ],
    [
      606,
      317,
      0,
      319,
      1,
      "STRING"
    ],
    [
      648,
      298,
      0,
      346,
      0,
      "MODEL"
    ],
    [
      649,
      346,
      0,
      301,
      0,
      "MODEL"
    ],
    [
      650,
      347,
      0,
      346,
      1,
      "PULIDFLUX"
    ],
    [
      651,
      348,
      0,
      346,
      2,
      "EVA_CLIP"
    ],
    [
      653,
      326,
      0,
      346,
      4,
      "IMAGE"
    ],
    [
      667,
      49,
      0,
      303,
      4,
      "IMAGE"
    ],
    [
      668,
      49,
      0,
      306,
      0,
      "IMAGE"
    ],
    [
      669,
      49,
      0,
      317,
      0,
      "IMAGE"
    ],
    [
      676,
      356,
      0,
      357,
      0,
      "IMAGE"
    ],
    [
      677,
      357,
      0,
      49,
      0,
      "*"
    ],
    [
      684,
      361,
      0,
      303,
      0,
      "CONDITIONING"
    ],
    [
      685,
      322,
      0,
      361,
      0,
      "CLIP_VISION"
    ],
    [
      686,
      304,
      0,
      361,
      2,
      "CONDITIONING"
    ],
    [
      687,
      325,
      0,
      361,
      3,
      "STYLE_MODEL"
    ],
    [
      688,
      326,
      0,
      361,
      1,
      "IMAGE"
    ],
    [
      691,
      366,
      0,
      365,
      1,
      "PULIDFLUX"
    ],
    [
      692,
      368,
      0,
      365,
      2,
      "EVA_CLIP"
    ],
    [
      693,
      367,
      0,
      365,
      3,
      "FACEANALYSIS"
    ],
    [
      697,
      378,
      0,
      376,
      0,
      "IMAGE"
    ],
    [
      698,
      371,
      0,
      376,
      4,
      "CONDITIONING"
    ],
    [
      699,
      372,
      0,
      376,
      5,
      "CONDITIONING"
    ],
    [
      700,
      370,
      0,
      376,
      6,
      "BBOX_DETECTOR"
    ],
    [
      701,
      365,
      0,
      378,
      1,
      "MODEL"
    ],
    [
      702,
      374,
      0,
      378,
      4,
      "CONDITIONING"
    ],
    [
      703,
      375,
      0,
      378,
      5,
      "CONDITIONING"
    ],
    [
      704,
      364,
      0,
      378,
      6,
      "BBOX_DETECTOR"
    ],
    [
      705,
      376,
      0,
      379,
      0,
      "IMAGE"
    ],
    [
      706,
      298,
      0,
      381,
      0,
      "*"
    ],
    [
      707,
      381,
      0,
      365,
      0,
      "MODEL"
    ],
    [
      709,
      300,
      0,
      383,
      0,
      "*"
    ],
    [
      710,
      299,
      0,
      382,
      0,
      "*"
    ],
    [
      711,
      383,
      0,
      378,
      3,
      "VAE"
    ],
    [
      712,
      382,
      0,
      378,
      2,
      "CLIP"
    ],
    [
      713,
      382,
      0,
      374,
      0,
      "CLIP"
    ],
    [
      714,
      382,
      0,
      375,
      0,
      "CLIP"
    ],
    [
      715,
      382,
      0,
      371,
      0,
      "CLIP"
    ],
    [
      716,
      382,
      0,
      372,
      0,
      "CLIP"
    ],
    [
      717,
      382,
      0,
      376,
      2,
      "CLIP"
    ],
    [
      718,
      383,
      0,
      376,
      3,
      "VAE"
    ],
    [
      719,
      381,
      0,
      376,
      1,
      "MODEL"
    ],
    [
      720,
      349,
      0,
      346,
      3,
      "FACEANALYSIS"
    ],
    [
      721,
      326,
      0,
      373,
      0,
      "IMAGE"
    ],
    [
      722,
      326,
      0,
      365,
      4,
      "IMAGE"
    ],
    [
      724,
      378,
      0,
      384,
      0,
      "IMAGE"
    ],
    [
      725,
      309,
      0,
      385,
      0,
      "IMAGE"
    ],
    [
      727,
      309,
      0,
      386,
      0,
      "IMAGE"
    ],
    [
      729,
      378,
      0,
      388,
      0,
      "IMAGE"
    ],
    [
      733,
      392,
      0,
      304,
      1,
      "STRING"
    ],
    [
      734,
      392,
      0,
      304,
      2,
      "STRING"
    ],
    [
      735,
      394,
      0,
      393,
      2,
      "CONTROL_NET"
    ],
    [
      736,
      396,
      0,
      395,
      0,
      "IMAGE"
    ],
    [
      737,
      395,
      0,
      397,
      0,
      "IMAGE"
    ],
    [
      738,
      303,
      0,
      393,
      0,
      "CONDITIONING"
    ],
    [
      739,
      303,
      1,
      393,
      1,
      "CONDITIONING"
    ],
    [
      740,
      393,
      0,
      301,
      1,
      "CONDITIONING"
    ],
    [
      741,
      393,
      1,
      301,
      2,
      "CONDITIONING"
    ],
    [
      742,
      300,
      0,
      393,
      3,
      "VAE"
    ],
    [
      743,
      395,
      0,
      393,
      4,
      "IMAGE"
    ],
    [
      747,
      401,
      0,
      400,
      0,
      "INT"
    ],
    [
      748,
      400,
      0,
      378,
      0,
      "IMAGE"
    ],
    [
      757,
      319,
      0,
      392,
      0,
      "STRING"
    ],
    [
      765,
      390,
      0,
      356,
      0,
      "IMAGE"
    ]
  ],
  "groups": [
    {
      "id": 4,
      "title": "提示词反推处理",
      "bounding": [
        -2810,
        1860,
        1140,
        840
      ],
      "color": "#A88",
      "font_size": 24,
      "flags": {}
    },
    {
      "id": 5,
      "title": "面部参考（模型管道）",
      "bounding": [
        -410,
        2330,
        680,
        370
      ],
      "color": "#3f789e",
      "font_size": 24,
      "flags": {}
    },
    {
      "id": 6,
      "title": "细节提升（条件管道）",
      "bounding": [
        300,
        1860,
        350,
        840
      ],
      "color": "#a1309b",
      "font_size": 24,
      "flags": {}
    },
    {
      "id": 7,
      "title": "风格参考（条件管道）",
      "bounding": [
        -420,
        1860,
        680,
        450
      ],
      "color": "#88A",
      "font_size": 24,
      "flags": {}
    },
    {
      "id": 8,
      "title": "Flux采样生成",
      "bounding": [
        -1650,
        1860,
        1210,
        840
      ],
      "color": "#8A8",
      "font_size": 24,
      "flags": {}
    },
    {
      "id": 9,
      "title": "加载参考图像与图像保存",
      "bounding": [
        -2810,
        2720,
        3030,
        1130
      ],
      "color": "#b58b2a",
      "font_size": 24,
      "flags": {}
    },
    {
      "id": 10,
      "title": "脸部手部细化",
      "bounding": [
        1040,
        1830,
        2860,
        1910
      ],
      "color": "#8AA",
      "font_size": 24,
      "flags": {}
    }
  ],
  "config": {},
  "extra": {
    "ds": {
      "scale": 0.2853116706110048,
      "offset": [
        5218.828068113555,
        -1055.1016710049705
      ]
    },
    "groupNodes": {
      "Redux风格模型应用": {
        "nodes": [
          {
            "id": -1,
            "type": "CLIPVisionEncode",
            "pos": [
              -60,
              1980
            ],
            "size": [
              315,
              78
            ],
            "flags": {},
            "order": 18,
            "mode": 0,
            "inputs": [
              {
                "name": "clip_vision",
                "type": "CLIP_VISION",
                "link": null,
                "localized_name": "clip视觉",
                "label": "CLIP视觉"
              },
              {
                "name": "image",
                "type": "IMAGE",
                "link": null,
                "localized_name": "图像",
                "label": "图像"
              },
              {
                "name": "crop",
                "localized_name": "裁剪",
                "type": "COMBO",
                "widget": {
                  "name": "crop"
                },
                "link": null
              }
            ],
            "outputs": [
              {
                "name": "CLIP_VISION_OUTPUT",
                "type": "CLIP_VISION_OUTPUT",
                "links": [],
                "localized_name": "CLIP视觉输出",
                "label": "CLIP视觉输出"
              }
            ],
            "properties": {
              "Node name for S&R": "CLIPVisionEncode"
            },
            "widgets_values": [
              "center"
            ],
            "index": 0
          },
          {
            "id": -1,
            "type": "StyleModelApply",
            "pos": [
              -60,
              2120
            ],
            "size": [
              315,
              122
            ],
            "flags": {},
            "order": 26,
            "mode": 0,
            "inputs": [
              {
                "name": "conditioning",
                "type": "CONDITIONING",
                "link": null,
                "localized_name": "条件",
                "label": "条件"
              },
              {
                "name": "style_model",
                "type": "STYLE_MODEL",
                "link": null,
                "localized_name": "风格模型",
                "label": "风格模型"
              },
              {
                "name": "clip_vision_output",
                "type": "CLIP_VISION_OUTPUT",
                "link": null,
                "localized_name": "clip视觉输出",
                "label": "CLIP视觉输出"
              },
              {
                "name": "strength",
                "localized_name": "强度",
                "type": "FLOAT",
                "widget": {
                  "name": "strength"
                },
                "link": null
              },
              {
                "name": "strength_type",
                "localized_name": "强度类型",
                "type": "COMBO",
                "widget": {
                  "name": "strength_type"
                },
                "link": null
              }
            ],
            "outputs": [
              {
                "name": "CONDITIONING",
                "type": "CONDITIONING",
                "links": [],
                "localized_name": "条件",
                "label": "条件",
                "slot_index": 0
              }
            ],
            "properties": {
              "Node name for S&R": "StyleModelApply"
            },
            "widgets_values": [
              1,
              "multiply"
            ],
            "index": 1
          }
        ],
        "links": [
          [
            null,
            0,
            0,
            0,
            322,
            "CLIP_VISION"
          ],
          [
            null,
            0,
            1,
            0,
            304,
            "CONDITIONING"
          ],
          [
            null,
            0,
            1,
            1,
            325,
            "STYLE_MODEL"
          ],
          [
            0,
            0,
            1,
            2,
            360,
            "CLIP_VISION_OUTPUT"
          ]
        ],
        "external": [
          [
            1,
            0,
            "CONDITIONING"
          ]
        ]
      }
    },
    "0246.VERSION": [
      0,
      0,
      4
    ],
    "ue_links": [],
    "node_versions": {
      "cg-use-everywhere": "ce510b97d10e69d5fd0042e115ecd946890d2079",
      "comfy-core": "0.3.29",
      "ComfyUI_PuLID_Flux_ll": "2ab739ac1a4cb6af785c8d8420d6c0ee3e993b7b",
      "comfyui-impact-subpack": "1.2.9",
      "ComfyUI_ZenID": "a03144e5c4dd9d1b7335151c8444b1f7753297ab",
      "ComfyUI-Impact-Pack": "d8738eee2f6c8c9a17ca42ab71f47ce35ccca3e7",
      "comfyui_controlnet_aux": "5a049bde9cc117dafc327cded156459289097ea1",
      "ComfyUI-WD14-Tagger": "d33501765c5bf3dca6e90e0ebaa962890999fbc5",
      "comfyui-inspire-pack": "1.18",
      "Derfuu_ComfyUI_ModdedNodes": "d0905bed31249f2bd0814c67585cf4fe3c77c015",
      "ComfyUI-Easy-Use": "17379c5156a0003b52d2fc6b7da9409e7ea20b32"
    },
    "frontendVersion": "1.16.9",
    "VHS_latentpreview": false,
    "VHS_latentpreviewrate": 0
  },
  "version": 0.4
}