{
  "id": "f9598d24-4bf9-466b-b099-1a1062618e82",
  "revision": 0,
  "last_node_id": 86,
  "last_link_id": 177,
  "nodes": [
    {
      "id": 57,
      "type": "KSamplerSelect",
      "pos": [
        1390,
        690
      ],
      "size": [
        315,
        58
      ],
      "flags": {},
      "order": 0,
      "mode": 0,
      "inputs": [],
      "outputs": [
        {
          "label": "采样器",
          "name": "SAMPLER",
          "type": "SAMPLER",
          "links": [
            111
          ]
        }
      ],
      "properties": {
        "Node name for S&R": "KSamplerSelect"
      },
      "widgets_values": [
        "euler"
      ]
    },
    {
      "id": 54,
      "type": "SamplerCustomAdvanced",
      "pos": [
        1830,
        470
      ],
      "size": [
        355.20001220703125,
        106
      ],
      "flags": {},
      "order": 21,
      "mode": 0,
      "inputs": [
        {
          "label": "噪波生成",
          "name": "noise",
          "type": "NOISE",
          "link": 106
        },
        {
          "label": "引导",
          "name": "guider",
          "type": "GUIDER",
          "link": 107
        },
        {
          "label": "采样器",
          "name": "sampler",
          "type": "SAMPLER",
          "link": 111
        },
        {
          "label": "Sigmas",
          "name": "sigmas",
          "type": "SIGMAS",
          "link": 112
        },
        {
          "label": "Latent",
          "name": "latent_image",
          "type": "LATENT",
          "link": 114
        }
      ],
      "outputs": [
        {
          "label": "输出",
          "name": "output",
          "type": "LATENT",
          "slot_index": 0,
          "links": [
            118
          ]
        },
        {
          "label": "降噪输出",
          "name": "denoised_output",
          "type": "LATENT",
          "slot_index": 1,
          "links": []
        }
      ],
      "properties": {
        "Node name for S&R": "SamplerCustomAdvanced"
      },
      "widgets_values": []
    },
    {
      "id": 73,
      "type": "SaveImage",
      "pos": [
        2480,
        470
      ],
      "size": [
        505,
        695
      ],
      "flags": {},
      "order": 23,
      "mode": 0,
      "inputs": [
        {
          "label": "图像",
          "name": "images",
          "type": "IMAGE",
          "link": 141
        }
      ],
      "outputs": [],
      "properties": {
        "Node name for S&R": "SaveImage"
      },
      "widgets_values": [
        "ComfyUI"
      ]
    },
    {
      "id": 61,
      "type": "VAEDecode",
      "pos": [
        2210,
        480
      ],
      "size": [
        210,
        46
      ],
      "flags": {},
      "order": 22,
      "mode": 0,
      "inputs": [
        {
          "label": "Latent",
          "name": "samples",
          "type": "LATENT",
          "link": 118
        },
        {
          "label": "VAE",
          "name": "vae",
          "type": "VAE",
          "link": 120
        }
      ],
      "outputs": [
        {
          "label": "图像",
          "name": "IMAGE",
          "type": "IMAGE",
          "slot_index": 0,
          "links": [
            141
          ]
        }
      ],
      "properties": {
        "Node name for S&R": "VAEDecode"
      },
      "widgets_values": []
    },
    {
      "id": 55,
      "type": "RandomNoise",
      "pos": [
        1380,
        420
      ],
      "size": [
        315,
        82
      ],
      "flags": {},
      "order": 1,
      "mode": 0,
      "inputs": [],
      "outputs": [
        {
          "label": "噪波生成",
          "name": "NOISE",
          "type": "NOISE",
          "links": [
            106
          ]
        }
      ],
      "properties": {
        "Node name for S&R": "RandomNoise"
      },
      "widgets_values": [
        875525677582772,
        "randomize"
      ]
    },
    {
      "id": 38,
      "type": "Reroute",
      "pos": [
        -130.49209594726562,
        491.9311828613281
      ],
      "size": [
        75,
        26
      ],
      "flags": {},
      "order": 13,
      "mode": 0,
      "inputs": [
        {
          "label": "",
          "name": "",
          "type": "*",
          "link": 176
        }
      ],
      "outputs": [
        {
          "label": "",
          "name": "",
          "type": "CLIP",
          "slot_index": 0,
          "links": [
            61
          ]
        }
      ],
      "properties": {
        "showOutputText": false,
        "horizontal": false
      }
    },
    {
      "id": 39,
      "type": "Reroute",
      "pos": [
        -133.81976318359375,
        632.8187255859375
      ],
      "size": [
        75,
        26
      ],
      "flags": {},
      "order": 14,
      "mode": 0,
      "inputs": [
        {
          "label": "",
          "name": "",
          "type": "*",
          "link": 177
        }
      ],
      "outputs": [
        {
          "label": "",
          "name": "",
          "type": "VAE",
          "slot_index": 0,
          "links": [
            120
          ]
        }
      ],
      "properties": {
        "showOutputText": false,
        "horizontal": false
      }
    },
    {
      "id": 58,
      "type": "BasicScheduler",
      "pos": [
        1390,
        820
      ],
      "size": [
        315,
        106
      ],
      "flags": {},
      "order": 19,
      "mode": 0,
      "inputs": [
        {
          "label": "模型",
          "name": "model",
          "type": "MODEL",
          "link": 123
        }
      ],
      "outputs": [
        {
          "label": "Sigmas",
          "name": "SIGMAS",
          "type": "SIGMAS",
          "links": [
            112
          ]
        }
      ],
      "properties": {
        "Node name for S&R": "BasicScheduler"
      },
      "widgets_values": [
        "beta",
        20,
        1
      ]
    },
    {
      "id": 35,
      "type": "FluxGuidance",
      "pos": [
        1030,
        450
      ],
      "size": [
        211.60000610351562,
        58
      ],
      "flags": {},
      "order": 18,
      "mode": 0,
      "inputs": [
        {
          "label": "条件",
          "name": "conditioning",
          "type": "CONDITIONING",
          "link": 56
        }
      ],
      "outputs": [
        {
          "label": "条件",
          "name": "CONDITIONING",
          "type": "CONDITIONING",
          "slot_index": 0,
          "links": [
            110
          ]
        }
      ],
      "properties": {
        "Node name for S&R": "FluxGuidance"
      },
      "widgets_values": [
        3.5
      ]
    },
    {
      "id": 56,
      "type": "BasicGuider",
      "pos": [
        1400,
        580
      ],
      "size": [
        241.79998779296875,
        46
      ],
      "flags": {},
      "order": 20,
      "mode": 0,
      "inputs": [
        {
          "label": "模型",
          "name": "model",
          "type": "MODEL",
          "link": 122
        },
        {
          "label": "条件",
          "name": "conditioning",
          "type": "CONDITIONING",
          "link": 110
        }
      ],
      "outputs": [
        {
          "label": "引导",
          "name": "GUIDER",
          "type": "GUIDER",
          "links": [
            107
          ]
        }
      ],
      "properties": {
        "Node name for S&R": "BasicGuider"
      },
      "widgets_values": []
    },
    {
      "id": 27,
      "type": "EmptySD3LatentImage",
      "pos": [
        950,
        690
      ],
      "size": [
        315,
        106
      ],
      "flags": {},
      "order": 11,
      "mode": 0,
      "inputs": [
        {
          "label": "宽度",
          "name": "width",
          "type": "INT",
          "widget": {
            "name": "width"
          },
          "link": 125
        },
        {
          "label": "高度",
          "name": "height",
          "type": "INT",
          "widget": {
            "name": "height"
          },
          "link": 127
        }
      ],
      "outputs": [
        {
          "label": "Latent",
          "name": "LATENT",
          "type": "LATENT",
          "slot_index": 0,
          "links": [
            114
          ]
        }
      ],
      "properties": {
        "Node name for S&R": "EmptySD3LatentImage"
      },
      "widgets_values": [
        1024,
        1024,
        1
      ]
    },
    {
      "id": 37,
      "type": "Reroute",
      "pos": [
        -126.62141418457031,
        343
      ],
      "size": [
        75,
        26
      ],
      "flags": {},
      "order": 12,
      "mode": 0,
      "inputs": [
        {
          "label": "",
          "name": "",
          "type": "*",
          "link": 175
        }
      ],
      "outputs": [
        {
          "label": "",
          "name": "",
          "type": "MODEL",
          "slot_index": 0,
          "links": [
            145
          ]
        }
      ],
      "properties": {
        "showOutputText": false,
        "horizontal": false
      }
    },
    {
      "id": 63,
      "type": "ModelSamplingFlux",
      "pos": [
        950,
        850
      ],
      "size": [
        315,
        130
      ],
      "flags": {},
      "order": 17,
      "mode": 0,
      "inputs": [
        {
          "label": "模型",
          "name": "model",
          "type": "MODEL",
          "link": 168
        },
        {
          "label": "宽度",
          "name": "width",
          "type": "INT",
          "widget": {
            "name": "width"
          },
          "link": 128
        },
        {
          "label": "高度",
          "name": "height",
          "type": "INT",
          "widget": {
            "name": "height"
          },
          "link": 129
        }
      ],
      "outputs": [
        {
          "label": "模型",
          "name": "MODEL",
          "type": "MODEL",
          "slot_index": 0,
          "links": [
            122,
            123
          ]
        }
      ],
      "properties": {
        "Node name for S&R": "ModelSamplingFlux"
      },
      "widgets_values": [
        1.15,
        0.5,
        1024,
        1024
      ]
    },
    {
      "id": 64,
      "type": "PrimitiveNode",
      "pos": [
        550,
        760
      ],
      "size": [
        210,
        82
      ],
      "flags": {},
      "order": 2,
      "mode": 0,
      "inputs": [],
      "outputs": [
        {
          "label": "INT",
          "name": "INT",
          "type": "INT",
          "widget": {
            "name": "width"
          },
          "links": [
            125,
            128
          ]
        }
      ],
      "properties": {
        "Run widget replace on values": false
      },
      "widgets_values": [
        1024,
        "fixed"
      ]
    },
    {
      "id": 72,
      "type": "DualCLIPLoaderGGUF",
      "pos": [
        -750,
        170
      ],
      "size": [
        315,
        106
      ],
      "flags": {},
      "order": 3,
      "mode": 0,
      "inputs": [],
      "outputs": [
        {
          "label": "CLIP",
          "name": "CLIP",
          "type": "CLIP",
          "slot_index": 0,
          "links": []
        }
      ],
      "properties": {
        "Node name for S&R": "DualCLIPLoaderGGUF"
      },
      "widgets_values": [
        "clip_l.safetensors",
        "t5xxl_fp8_e4m3fn.safetensors",
        "flux"
      ]
    },
    {
      "id": 41,
      "type": "DualCLIPLoader",
      "pos": [
        -730,
        1140
      ],
      "size": [
        315,
        130
      ],
      "flags": {},
      "order": 4,
      "mode": 0,
      "inputs": [],
      "outputs": [
        {
          "label": "CLIP",
          "name": "CLIP",
          "type": "CLIP",
          "slot_index": 0,
          "links": []
        }
      ],
      "properties": {
        "Node name for S&R": "DualCLIPLoader"
      },
      "widgets_values": [
        "clip_l.safetensors",
        "t5xxl_fp8_e4m3fn.safetensors",
        "flux",
        "default"
      ]
    },
    {
      "id": 65,
      "type": "PrimitiveNode",
      "pos": [
        550,
        920
      ],
      "size": [
        210,
        82
      ],
      "flags": {},
      "order": 5,
      "mode": 0,
      "inputs": [],
      "outputs": [
        {
          "label": "INT",
          "name": "INT",
          "type": "INT",
          "widget": {
            "name": "height"
          },
          "links": [
            127,
            129
          ]
        }
      ],
      "properties": {
        "Run widget replace on values": false
      },
      "widgets_values": [
        1024,
        "fixed"
      ]
    },
    {
      "id": 69,
      "type": "UnetLoaderGGUF",
      "pos": [
        -750,
        70
      ],
      "size": [
        315,
        58
      ],
      "flags": {},
      "order": 6,
      "mode": 0,
      "inputs": [],
      "outputs": [
        {
          "label": "MODEL",
          "name": "MODEL",
          "type": "MODEL",
          "slot_index": 0,
          "links": []
        }
      ],
      "properties": {
        "Node name for S&R": "UnetLoaderGGUF"
      },
      "widgets_values": [
        "Flux\\flux1-dev-Q8_0.gguf"
      ]
    },
    {
      "id": 85,
      "type": "VAELoader",
      "pos": [
        -750,
        330
      ],
      "size": [
        315,
        58
      ],
      "flags": {},
      "order": 7,
      "mode": 0,
      "inputs": [],
      "outputs": [
        {
          "label": "VAE",
          "name": "VAE",
          "type": "VAE",
          "slot_index": 0,
          "links": []
        }
      ],
      "properties": {
        "Node name for S&R": "VAELoader"
      },
      "widgets_values": [
        "Flux\\ae.sft"
      ]
    },
    {
      "id": 42,
      "type": "VAELoader",
      "pos": [
        -730,
        1310
      ],
      "size": [
        315,
        58
      ],
      "flags": {},
      "order": 8,
      "mode": 0,
      "inputs": [],
      "outputs": [
        {
          "label": "VAE",
          "name": "VAE",
          "type": "VAE",
          "slot_index": 0,
          "links": []
        }
      ],
      "properties": {
        "Node name for S&R": "VAELoader"
      },
      "widgets_values": [
        "Flux\\ae.sft"
      ]
    },
    {
      "id": 74,
      "type": "LoraLoaderModelOnly",
      "pos": [
        210,
        190
      ],
      "size": [
        315,
        82
      ],
      "flags": {},
      "order": 15,
      "mode": 0,
      "inputs": [
        {
          "label": "模型",
          "name": "model",
          "type": "MODEL",
          "link": 145
        }
      ],
      "outputs": [
        {
          "label": "模型",
          "name": "MODEL",
          "type": "MODEL",
          "slot_index": 0,
          "links": [
            168
          ]
        }
      ],
      "properties": {
        "Node name for S&R": "LoraLoaderModelOnly"
      },
      "widgets_values": [
        "acgen-xialv\\acgen-xialv.safetensors",
        1
      ]
    },
    {
      "id": 30,
      "type": "CheckpointLoaderSimple",
      "pos": [
        -740,
        630
      ],
      "size": [
        315,
        98
      ],
      "flags": {},
      "order": 9,
      "mode": 0,
      "inputs": [],
      "outputs": [
        {
          "label": "模型",
          "name": "MODEL",
          "type": "MODEL",
          "slot_index": 0,
          "links": [
            175
          ]
        },
        {
          "label": "CLIP",
          "name": "CLIP",
          "type": "CLIP",
          "slot_index": 1,
          "links": [
            176
          ]
        },
        {
          "label": "VAE",
          "name": "VAE",
          "type": "VAE",
          "slot_index": 2,
          "links": [
            177
          ]
        }
      ],
      "properties": {
        "Node name for S&R": "CheckpointLoaderSimple"
      },
      "widgets_values": [
        "Flux\\flux1-dev-fp8-with_clip_vae.safetensors"
      ]
    },
    {
      "id": 40,
      "type": "UNETLoader",
      "pos": [
        -740,
        980
      ],
      "size": [
        315,
        82
      ],
      "flags": {},
      "order": 10,
      "mode": 0,
      "inputs": [],
      "outputs": [
        {
          "label": "模型",
          "name": "MODEL",
          "type": "MODEL",
          "slot_index": 0,
          "links": []
        }
      ],
      "properties": {
        "Node name for S&R": "UNETLoader"
      },
      "widgets_values": [
        "Flux\\flux1-dev-fp8.safetensors",
        "fp8_e4m3fn"
      ]
    },
    {
      "id": 6,
      "type": "CLIPTextEncode",
      "pos": [
        180,
        420
      ],
      "size": [
        422.84503173828125,
        164.31304931640625
      ],
      "flags": {},
      "order": 16,
      "mode": 0,
      "inputs": [
        {
          "label": "CLIP",
          "name": "clip",
          "type": "CLIP",
          "link": 61
        }
      ],
      "outputs": [
        {
          "label": "条件",
          "name": "CONDITIONING",
          "type": "CONDITIONING",
          "slot_index": 0,
          "links": [
            56
          ]
        }
      ],
      "properties": {
        "Node name for S&R": "CLIPTextEncode"
      },
      "widgets_values": [
        "Xialv is playing basketball",
        [
          false,
          true
        ]
      ]
    }
  ],
  "links": [
    [
      56,
      6,
      0,
      35,
      0,
      "CONDITIONING"
    ],
    [
      61,
      38,
      0,
      6,
      0,
      "CLIP"
    ],
    [
      106,
      55,
      0,
      54,
      0,
      "NOISE"
    ],
    [
      107,
      56,
      0,
      54,
      1,
      "GUIDER"
    ],
    [
      110,
      35,
      0,
      56,
      1,
      "CONDITIONING"
    ],
    [
      111,
      57,
      0,
      54,
      2,
      "SAMPLER"
    ],
    [
      112,
      58,
      0,
      54,
      3,
      "SIGMAS"
    ],
    [
      114,
      27,
      0,
      54,
      4,
      "LATENT"
    ],
    [
      118,
      54,
      0,
      61,
      0,
      "LATENT"
    ],
    [
      120,
      39,
      0,
      61,
      1,
      "VAE"
    ],
    [
      122,
      63,
      0,
      56,
      0,
      "MODEL"
    ],
    [
      123,
      63,
      0,
      58,
      0,
      "MODEL"
    ],
    [
      125,
      64,
      0,
      27,
      0,
      "INT"
    ],
    [
      127,
      65,
      0,
      27,
      1,
      "INT"
    ],
    [
      128,
      64,
      0,
      63,
      1,
      "INT"
    ],
    [
      129,
      65,
      0,
      63,
      2,
      "INT"
    ],
    [
      141,
      61,
      0,
      73,
      0,
      "IMAGE"
    ],
    [
      145,
      37,
      0,
      74,
      0,
      "MODEL"
    ],
    [
      168,
      74,
      0,
      63,
      0,
      "MODEL"
    ],
    [
      175,
      30,
      0,
      37,
      0,
      "*"
    ],
    [
      176,
      30,
      1,
      38,
      0,
      "*"
    ],
    [
      177,
      30,
      2,
      39,
      0,
      "*"
    ]
  ],
  "groups": [
    {
      "id": 2,
      "title": "LoRA",
      "bounding": [
        180,
        80,
        412,
        219
      ],
      "color": "#00a896",
      "font_size": 36,
      "flags": {}
    },
    {
      "id": 3,
      "title": "GGUF Flux",
      "bounding": [
        -840,
        -40,
        571,
        473
      ],
      "color": "#02c39a",
      "font_size": 36,
      "flags": {}
    },
    {
      "id": 5,
      "title": "Flux Base",
      "bounding": [
        -840,
        860,
        578,
        569
      ],
      "color": "#02c39a",
      "font_size": 36,
      "flags": {}
    },
    {
      "id": 6,
      "title": "VAE",
      "bounding": [
        -160,
        570,
        148,
        111
      ],
      "color": "#f0f3bd",
      "font_size": 36,
      "flags": {}
    },
    {
      "id": 7,
      "title": "CLIP",
      "bounding": [
        -160,
        430,
        149,
        114
      ],
      "color": "#f0f3bd",
      "font_size": 36,
      "flags": {}
    },
    {
      "id": 8,
      "title": "Model",
      "bounding": [
        -160,
        280,
        155,
        113
      ],
      "color": "#f0f3bd",
      "font_size": 36,
      "flags": {}
    },
    {
      "id": 9,
      "title": "Flux of Three in One",
      "bounding": [
        -840,
        460,
        576,
        380
      ],
      "color": "#02c39a",
      "font_size": 36,
      "flags": {}
    }
  ],
  "config": {},
  "extra": {
    "ds": {
      "scale": 0.7513148009015777,
      "offset": [
        1095.8893906783162,
        63.3599490110591
      ]
    },
    "VHS_latentpreview": false,
    "VHS_latentpreviewrate": 0,
    "node_versions": {
      "comfy-core": "0.3.29"
    },
    "ue_links": [],
    "frontendVersion": "1.16.9"
  },
  "version": 0.4
}